Trial,Gamma,Epsilon,Epsilon Decay,Start Location,Desination,Deadline,Successful?
Trial 1.0,0.8,0.5,0.95,"(4, 5)","(7, 4)",20,No
Trial 1.1,0.8,0.5,0.95,"(2, 5)","(5, 4)",20,No
Trial 1.2,0.8,0.5,0.95,"(8, 4)","(5, 5)",20,Yes
Trial 1.3,0.8,0.5,0.95,"(5, 4)","(7, 2)",20,No
Trial 1.4,0.8,0.5,0.95,"(7, 6)","(7, 1)",25,Yes
Trial 1.5,0.8,0.5,0.95,"(2, 5)","(7, 6)",30,Yes
Trial 1.6,0.8,0.5,0.95,"(7, 1)","(2, 4)",40,Yes
Trial 1.7,0.8,0.5,0.95,"(3, 5)","(7, 4)",25,Yes
Trial 1.8,0.8,0.5,0.95,"(5, 3)","(1, 5)",30,No
Trial 1.9,0.8,0.5,0.95,"(6, 1)","(6, 6)",25,No
Trial 1.10,0.8,0.5,0.95,"(7, 4)","(1, 4)",30,Yes
Trial 1.11,0.8,0.5,0.95,"(2, 2)","(5, 4)",25,Yes
Trial 1.12,0.8,0.5,0.95,"(5, 3)","(4, 6)",20,No
Trial 1.13,0.8,0.5,0.95,"(1, 4)","(7, 4)",30,Yes
Trial 1.14,0.8,0.5,0.95,"(3, 6)","(6, 2)",35,Yes
Trial 1.15,0.8,0.5,0.95,"(7, 5)","(3, 5)",20,Yes
Trial 1.16,0.8,0.5,0.95,"(1, 3)","(8, 6)",50,Yes
Trial 1.17,0.8,0.5,0.95,"(2, 5)","(5, 2)",30,No
Trial 1.18,0.8,0.5,0.95,"(8, 4)","(4, 6)",30,No
Trial 1.19,0.8,0.5,0.95,"(1, 5)","(6, 4)",30,Yes
Trial 1.20,0.8,0.5,0.95,"(8, 5)","(4, 1)",40,Yes
Trial 1.21,0.8,0.5,0.95,"(2, 5)","(7, 4)",30,No
Trial 1.22,0.8,0.5,0.95,"(4, 4)","(1, 1)",30,Yes
Trial 1.23,0.8,0.5,0.95,"(2, 1)","(7, 4)",40,Yes
Trial 1.24,0.8,0.5,0.95,"(8, 6)","(6, 2)",30,Yes
Trial 1.25,0.8,0.5,0.95,"(2, 3)","(5, 2)",20,Yes
Trial 1.26,0.8,0.5,0.95,"(5, 4)","(8, 5)",20,Yes
Trial 1.27,0.8,0.5,0.95,"(7, 1)","(5, 4)",25,No
Trial 1.28,0.8,0.5,0.95,"(8, 1)","(4, 1)",20,Yes
Trial 1.29,0.8,0.5,0.95,"(3, 4)","(8, 3)",30,Yes
Trial 1.30,0.8,0.5,0.95,"(3, 6)","(5, 4)",20,Yes
Trial 1.31,0.8,0.5,0.95,"(7, 6)","(4, 3)",30,Yes
Trial 1.32,0.8,0.5,0.95,"(4, 6)","(7, 1)",40,Yes
Trial 1.33,0.8,0.5,0.95,"(4, 6)","(4, 1)",25,Yes
Trial 1.34,0.8,0.5,0.95,"(2, 2)","(7, 2)",25,Yes
Trial 1.35,0.8,0.5,0.95,"(2, 4)","(5, 1)",30,No
Trial 1.36,0.8,0.5,0.95,"(5, 1)","(6, 4)",20,Yes
Trial 1.37,0.8,0.5,0.95,"(6, 4)","(1, 1)",40,Yes
Trial 1.38,0.8,0.5,0.95,"(4, 4)","(8, 2)",30,No
Trial 1.39,0.8,0.5,0.95,"(6, 5)","(1, 5)",25,Yes
Trial 1.40,0.8,0.5,0.95,"(6, 1)","(1, 6)",50,Yes
Trial 1.41,0.8,0.5,0.95,"(5, 1)","(8, 4)",30,Yes
Trial 1.42,0.8,0.5,0.95,"(1, 6)","(8, 3)",50,No
Trial 1.43,0.8,0.5,0.95,"(1, 4)","(6, 3)",30,Yes
Trial 1.44,0.8,0.5,0.95,"(1, 6)","(4, 5)",20,Yes
Trial 1.45,0.8,0.5,0.95,"(6, 6)","(4, 4)",20,Yes
Trial 1.46,0.8,0.5,0.95,"(5, 4)","(2, 3)",20,Yes
Trial 1.47,0.8,0.5,0.95,"(5, 5)","(1, 1)",40,Yes
Trial 1.48,0.8,0.5,0.95,"(5, 3)","(2, 2)",20,Yes
Trial 1.49,0.8,0.5,0.95,"(6, 2)","(5, 5)",20,Yes
Trial 1.50,0.8,0.5,0.95,"(2, 6)","(6, 6)",20,Yes
Trial 1.51,0.8,0.5,0.95,"(6, 2)","(1, 1)",30,Yes
Trial 1.52,0.8,0.5,0.95,"(8, 1)","(6, 6)",35,Yes
Trial 1.53,0.8,0.5,0.95,"(4, 4)","(8, 2)",30,No
Trial 1.54,0.8,0.5,0.95,"(2, 5)","(7, 6)",30,Yes
Trial 1.55,0.8,0.5,0.95,"(7, 3)","(1, 3)",30,Yes
Trial 1.56,0.8,0.5,0.95,"(3, 6)","(7, 4)",30,No
Trial 1.57,0.8,0.5,0.95,"(4, 1)","(1, 3)",25,Yes
Trial 1.58,0.8,0.5,0.95,"(8, 4)","(2, 3)",35,Yes
Trial 1.59,0.8,0.5,0.95,"(2, 3)","(4, 5)",20,Yes
Trial 1.60,0.8,0.5,0.95,"(1, 6)","(6, 2)",45,Yes
Trial 1.61,0.8,0.5,0.95,"(1, 4)","(6, 4)",25,Yes
Trial 1.62,0.8,0.5,0.95,"(8, 6)","(4, 1)",45,Yes
Trial 1.63,0.8,0.5,0.95,"(6, 2)","(1, 1)",30,Yes
Trial 1.64,0.8,0.5,0.95,"(5, 6)","(1, 5)",25,Yes
Trial 1.65,0.8,0.5,0.95,"(8, 3)","(1, 2)",40,Yes
Trial 1.66,0.8,0.5,0.95,"(7, 5)","(1, 3)",40,Yes
Trial 1.67,0.8,0.5,0.95,"(6, 3)","(4, 1)",20,Yes
Trial 1.68,0.8,0.5,0.95,"(1, 1)","(5, 1)",20,Yes
Trial 1.69,0.8,0.5,0.95,"(3, 3)","(5, 6)",25,Yes
Trial 1.70,0.8,0.5,0.95,"(7, 5)","(1, 1)",50,Yes
Trial 1.71,0.8,0.5,0.95,"(8, 6)","(1, 1)",60,Yes
Trial 1.72,0.8,0.5,0.95,"(3, 5)","(2, 2)",20,Yes
Trial 1.73,0.8,0.5,0.95,"(3, 6)","(7, 2)",40,Yes
Trial 1.74,0.8,0.5,0.95,"(7, 4)","(2, 1)",40,Yes
Trial 1.75,0.8,0.5,0.95,"(6, 6)","(4, 1)",35,Yes
Trial 1.76,0.8,0.5,0.95,"(1, 2)","(5, 3)",25,Yes
Trial 1.77,0.8,0.5,0.95,"(1, 4)","(5, 6)",30,No
Trial 1.78,0.8,0.5,0.95,"(4, 6)","(6, 4)",20,No
Trial 1.79,0.8,0.5,0.95,"(7, 3)","(3, 2)",25,Yes
Trial 1.80,0.8,0.5,0.95,"(6, 6)","(6, 2)",20,Yes
Trial 1.81,0.8,0.5,0.95,"(1, 6)","(8, 4)",45,Yes
Trial 1.82,0.8,0.5,0.95,"(1, 5)","(7, 6)",35,Yes
Trial 1.83,0.8,0.5,0.95,"(5, 5)","(2, 6)",20,Yes
Trial 1.84,0.8,0.5,0.95,"(8, 5)","(4, 5)",20,Yes
Trial 1.85,0.8,0.5,0.95,"(2, 3)","(4, 1)",20,No
Trial 1.86,0.8,0.5,0.95,"(1, 5)","(4, 4)",20,No
Trial 1.87,0.8,0.5,0.95,"(5, 5)","(1, 6)",25,No
Trial 1.88,0.8,0.5,0.95,"(2, 6)","(8, 3)",45,No
Trial 1.89,0.8,0.5,0.95,"(4, 6)","(7, 4)",25,No
Trial 1.90,0.8,0.5,0.95,"(6, 1)","(1, 5)",45,No
Trial 1.91,0.8,0.5,0.95,"(2, 3)","(8, 4)",35,Yes
Trial 1.92,0.8,0.5,0.95,"(1, 4)","(3, 2)",20,No
Trial 1.93,0.8,0.5,0.95,"(6, 4)","(8, 2)",20,No
Trial 1.94,0.8,0.5,0.95,"(5, 2)","(6, 6)",25,Yes
Trial 1.95,0.8,0.5,0.95,"(8, 3)","(5, 6)",30,No
Trial 1.96,0.8,0.5,0.95,"(1, 2)","(6, 6)",45,No
Trial 1.97,0.8,0.5,0.95,"(3, 5)","(7, 5)",20,Yes
Trial 1.98,0.8,0.5,0.95,"(8, 1)","(6, 6)",35,Yes
Trial 1.99,0.8,0.5,0.95,"(6, 1)","(5, 5)",25,Yes
Trial 2.0,0.8,0.5,0.96,"(7, 5)","(2, 3)",35,No
Trial 2.1,0.8,0.5,0.96,"(4, 3)","(8, 2)",25,No
Trial 2.2,0.8,0.5,0.96,"(7, 5)","(3, 4)",25,No
Trial 2.3,0.8,0.5,0.96,"(7, 2)","(4, 1)",20,No
Trial 2.4,0.8,0.5,0.96,"(5, 6)","(8, 4)",25,No
Trial 2.5,0.8,0.5,0.96,"(6, 4)","(4, 2)",20,No
Trial 2.6,0.8,0.5,0.96,"(3, 5)","(8, 6)",30,No
Trial 2.7,0.8,0.5,0.96,"(6, 5)","(8, 2)",25,No
Trial 2.8,0.8,0.5,0.96,"(5, 5)","(6, 2)",20,No
Trial 2.9,0.8,0.5,0.96,"(1, 4)","(8, 3)",40,No
Trial 2.10,0.8,0.5,0.96,"(1, 5)","(4, 3)",25,No
Trial 2.11,0.8,0.5,0.96,"(3, 1)","(2, 4)",20,No
Trial 2.12,0.8,0.5,0.96,"(5, 6)","(1, 5)",25,No
Trial 2.13,0.8,0.5,0.96,"(1, 1)","(6, 4)",40,No
Trial 2.14,0.8,0.5,0.96,"(4, 1)","(3, 5)",25,No
Trial 2.15,0.8,0.5,0.96,"(7, 1)","(8, 4)",20,No
Trial 2.16,0.8,0.5,0.96,"(1, 2)","(7, 3)",35,No
Trial 2.17,0.8,0.5,0.96,"(8, 1)","(6, 5)",30,No
Trial 2.18,0.8,0.5,0.96,"(4, 3)","(3, 6)",20,No
Trial 2.19,0.8,0.5,0.96,"(5, 2)","(7, 5)",25,No
Trial 2.20,0.8,0.5,0.96,"(7, 1)","(2, 5)",45,No
Trial 2.21,0.8,0.5,0.96,"(2, 6)","(5, 2)",35,No
Trial 2.22,0.8,0.5,0.96,"(7, 5)","(5, 3)",20,No
Trial 2.23,0.8,0.5,0.96,"(3, 6)","(7, 1)",45,No
Trial 2.24,0.8,0.5,0.96,"(7, 4)","(3, 4)",20,No
Trial 2.25,0.8,0.5,0.96,"(4, 2)","(5, 5)",20,No
Trial 2.26,0.8,0.5,0.96,"(3, 5)","(7, 1)",40,No
Trial 2.27,0.8,0.5,0.96,"(7, 5)","(3, 5)",20,No
Trial 2.28,0.8,0.5,0.96,"(6, 1)","(2, 3)",30,No
Trial 2.29,0.8,0.5,0.96,"(6, 5)","(8, 1)",30,No
Trial 2.30,0.8,0.5,0.96,"(7, 1)","(4, 4)",30,No
Trial 2.31,0.8,0.5,0.96,"(4, 4)","(2, 6)",20,No
Trial 2.32,0.8,0.5,0.96,"(8, 1)","(3, 5)",45,No
Trial 2.33,0.8,0.5,0.96,"(4, 6)","(2, 4)",20,No
Trial 2.34,0.8,0.5,0.96,"(3, 5)","(8, 6)",30,No
Trial 2.35,0.8,0.5,0.96,"(1, 1)","(4, 5)",35,No
Trial 2.36,0.8,0.5,0.96,"(6, 1)","(3, 5)",35,No
Trial 2.37,0.8,0.5,0.96,"(3, 3)","(4, 6)",20,No
Trial 2.38,0.8,0.5,0.96,"(2, 4)","(8, 3)",35,No
Trial 2.39,0.8,0.5,0.96,"(3, 1)","(8, 5)",45,No
Trial 2.40,0.8,0.5,0.96,"(2, 2)","(7, 5)",40,No
Trial 2.41,0.8,0.5,0.96,"(8, 2)","(3, 3)",30,No
Trial 2.42,0.8,0.5,0.96,"(3, 2)","(7, 5)",35,No
Trial 2.43,0.8,0.5,0.96,"(6, 5)","(5, 2)",20,No
Trial 2.44,0.8,0.5,0.96,"(2, 4)","(7, 3)",30,No
Trial 2.45,0.8,0.5,0.96,"(6, 4)","(3, 1)",30,No
Trial 2.46,0.8,0.5,0.96,"(1, 5)","(8, 3)",45,No
Trial 2.47,0.8,0.5,0.96,"(5, 1)","(8, 3)",25,No
Trial 2.48,0.8,0.5,0.96,"(3, 6)","(8, 5)",30,No
Trial 2.49,0.8,0.5,0.96,"(1, 2)","(5, 3)",25,No
Trial 2.50,0.8,0.5,0.96,"(8, 2)","(3, 4)",35,No
Trial 2.51,0.8,0.5,0.96,"(5, 5)","(3, 3)",20,No
Trial 2.52,0.8,0.5,0.96,"(7, 2)","(5, 4)",20,No
Trial 2.53,0.8,0.5,0.96,"(2, 4)","(7, 1)",40,No
Trial 2.54,0.8,0.5,0.96,"(8, 5)","(2, 1)",50,No
Trial 2.55,0.8,0.5,0.96,"(3, 6)","(2, 3)",20,No
Trial 2.56,0.8,0.5,0.96,"(1, 1)","(3, 3)",20,No
Trial 2.57,0.8,0.5,0.96,"(6, 5)","(3, 2)",30,No
Trial 2.58,0.8,0.5,0.96,"(2, 2)","(3, 6)",25,No
Trial 2.59,0.8,0.5,0.96,"(1, 1)","(8, 6)",60,No
Trial 2.60,0.8,0.5,0.96,"(7, 5)","(3, 1)",40,No
Trial 2.61,0.8,0.5,0.96,"(4, 6)","(8, 5)",25,No
Trial 2.62,0.8,0.5,0.96,"(7, 3)","(3, 5)",30,No
Trial 2.63,0.8,0.5,0.96,"(3, 6)","(4, 3)",20,No
Trial 2.64,0.8,0.5,0.96,"(6, 3)","(3, 2)",20,No
Trial 2.65,0.8,0.5,0.96,"(7, 5)","(4, 3)",25,No
Trial 2.66,0.8,0.5,0.96,"(2, 6)","(5, 4)",25,No
Trial 2.67,0.8,0.5,0.96,"(8, 6)","(4, 4)",30,No
Trial 2.68,0.8,0.5,0.96,"(8, 6)","(1, 6)",35,No
Trial 2.69,0.8,0.5,0.96,"(2, 5)","(6, 1)",40,No
Trial 2.70,0.8,0.5,0.96,"(5, 2)","(2, 3)",20,No
Trial 2.71,0.8,0.5,0.96,"(5, 5)","(3, 1)",30,No
Trial 2.72,0.8,0.5,0.96,"(2, 5)","(7, 1)",45,No
Trial 2.73,0.8,0.5,0.96,"(4, 5)","(4, 1)",20,No
Trial 2.74,0.8,0.5,0.96,"(2, 5)","(2, 1)",20,No
Trial 2.75,0.8,0.5,0.96,"(8, 4)","(4, 5)",25,No
Trial 2.76,0.8,0.5,0.96,"(1, 4)","(5, 1)",35,No
Trial 2.77,0.8,0.5,0.96,"(3, 5)","(2, 2)",20,No
Trial 2.78,0.8,0.5,0.96,"(6, 2)","(3, 4)",25,No
Trial 2.79,0.8,0.5,0.96,"(3, 3)","(7, 3)",20,Yes
Trial 2.80,0.8,0.5,0.96,"(8, 3)","(2, 2)",35,No
Trial 2.81,0.8,0.5,0.96,"(5, 4)","(2, 1)",30,No
Trial 2.82,0.8,0.5,0.96,"(6, 2)","(3, 4)",25,No
Trial 2.83,0.8,0.5,0.96,"(3, 5)","(6, 3)",25,No
Trial 2.84,0.8,0.5,0.96,"(6, 4)","(2, 4)",20,No
Trial 2.85,0.8,0.5,0.96,"(5, 1)","(3, 6)",35,No
Trial 2.86,0.8,0.5,0.96,"(8, 3)","(6, 6)",25,No
Trial 2.87,0.8,0.5,0.96,"(7, 4)","(4, 2)",25,No
Trial 2.88,0.8,0.5,0.96,"(4, 6)","(1, 4)",25,No
Trial 2.89,0.8,0.5,0.96,"(5, 1)","(2, 5)",35,No
Trial 2.90,0.8,0.5,0.96,"(7, 3)","(2, 4)",30,No
Trial 2.91,0.8,0.5,0.96,"(4, 1)","(6, 5)",30,No
Trial 2.92,0.8,0.5,0.96,"(6, 5)","(5, 2)",20,No
Trial 2.93,0.8,0.5,0.96,"(8, 1)","(5, 4)",30,No
Trial 2.94,0.8,0.5,0.96,"(7, 2)","(8, 6)",25,No
Trial 2.95,0.8,0.5,0.96,"(7, 4)","(1, 5)",35,No
Trial 2.96,0.8,0.5,0.96,"(2, 5)","(2, 1)",20,Yes
Trial 2.97,0.8,0.5,0.96,"(8, 6)","(3, 6)",25,Yes
Trial 2.98,0.8,0.5,0.96,"(8, 3)","(2, 2)",35,No
Trial 2.99,0.8,0.5,0.96,"(6, 5)","(1, 3)",35,No
Trial 3.0,0.8,0.5,0.97,"(3, 3)","(5, 6)",25,No
Trial 3.1,0.8,0.5,0.97,"(3, 6)","(7, 3)",35,No
Trial 3.2,0.8,0.5,0.97,"(8, 3)","(2, 6)",45,No
Trial 3.3,0.8,0.5,0.97,"(5, 5)","(8, 6)",20,No
Trial 3.4,0.8,0.5,0.97,"(8, 4)","(3, 1)",40,No
Trial 3.5,0.8,0.5,0.97,"(3, 4)","(5, 2)",20,No
Trial 3.6,0.8,0.5,0.97,"(3, 5)","(8, 2)",40,No
Trial 3.7,0.8,0.5,0.97,"(8, 6)","(3, 1)",50,No
Trial 3.8,0.8,0.5,0.97,"(1, 1)","(3, 3)",20,No
Trial 3.9,0.8,0.5,0.97,"(5, 3)","(3, 6)",25,No
Trial 3.10,0.8,0.5,0.97,"(3, 4)","(1, 2)",20,No
Trial 3.11,0.8,0.5,0.97,"(8, 3)","(5, 4)",20,No
Trial 3.12,0.8,0.5,0.97,"(5, 2)","(8, 3)",20,No
Trial 3.13,0.8,0.5,0.97,"(3, 6)","(2, 2)",25,No
Trial 3.14,0.8,0.5,0.97,"(6, 3)","(4, 5)",20,No
Trial 3.15,0.8,0.5,0.97,"(5, 3)","(6, 6)",20,No
Trial 3.16,0.8,0.5,0.97,"(4, 1)","(7, 3)",25,No
Trial 3.17,0.8,0.5,0.97,"(6, 4)","(1, 4)",25,No
Trial 3.18,0.8,0.5,0.97,"(7, 5)","(4, 2)",30,No
Trial 3.19,0.8,0.5,0.97,"(3, 1)","(7, 2)",25,No
Trial 3.20,0.8,0.5,0.97,"(7, 1)","(8, 5)",25,No
Trial 3.21,0.8,0.5,0.97,"(2, 1)","(5, 5)",35,No
Trial 3.22,0.8,0.5,0.97,"(7, 4)","(5, 6)",20,No
Trial 3.23,0.8,0.5,0.97,"(1, 3)","(8, 5)",45,No
Trial 3.24,0.8,0.5,0.97,"(4, 5)","(7, 1)",35,No
Trial 3.25,0.8,0.5,0.97,"(5, 1)","(3, 4)",25,No
Trial 3.26,0.8,0.5,0.97,"(2, 4)","(8, 3)",35,No
Trial 3.27,0.8,0.5,0.97,"(6, 4)","(1, 4)",25,No
Trial 3.28,0.8,0.5,0.97,"(1, 2)","(2, 5)",20,No
Trial 3.29,0.8,0.5,0.97,"(7, 6)","(6, 1)",30,No
Trial 3.30,0.8,0.5,0.97,"(3, 4)","(7, 3)",25,No
Trial 3.31,0.8,0.5,0.97,"(6, 4)","(2, 1)",35,No
Trial 3.32,0.8,0.5,0.97,"(4, 6)","(6, 4)",20,No
Trial 3.33,0.8,0.5,0.97,"(5, 1)","(4, 6)",30,Yes
Trial 3.34,0.8,0.5,0.97,"(1, 5)","(4, 2)",30,No
Trial 3.35,0.8,0.5,0.97,"(2, 2)","(5, 4)",25,No
Trial 3.36,0.8,0.5,0.97,"(4, 5)","(6, 1)",30,No
Trial 3.37,0.8,0.5,0.97,"(5, 2)","(8, 3)",20,No
Trial 3.38,0.8,0.5,0.97,"(4, 2)","(5, 5)",20,No
Trial 3.39,0.8,0.5,0.97,"(7, 6)","(6, 3)",20,No
Trial 3.40,0.8,0.5,0.97,"(2, 1)","(8, 4)",45,No
Trial 3.41,0.8,0.5,0.97,"(6, 4)","(2, 5)",25,No
Trial 3.42,0.8,0.5,0.97,"(5, 2)","(2, 3)",20,No
Trial 3.43,0.8,0.5,0.97,"(3, 1)","(3, 5)",20,No
Trial 3.44,0.8,0.5,0.97,"(5, 4)","(1, 5)",25,No
Trial 3.45,0.8,0.5,0.97,"(3, 6)","(5, 4)",20,No
Trial 3.46,0.8,0.5,0.97,"(8, 3)","(2, 3)",30,No
Trial 3.47,0.8,0.5,0.97,"(4, 1)","(6, 4)",25,No
Trial 3.48,0.8,0.5,0.97,"(2, 1)","(6, 5)",40,No
Trial 3.49,0.8,0.5,0.97,"(3, 6)","(5, 3)",25,No
Trial 3.50,0.8,0.5,0.97,"(5, 6)","(6, 2)",25,No
Trial 3.51,0.8,0.5,0.97,"(1, 2)","(8, 6)",55,No
Trial 3.52,0.8,0.5,0.97,"(6, 2)","(1, 5)",40,No
Trial 3.53,0.8,0.5,0.97,"(3, 3)","(4, 6)",20,No
Trial 3.54,0.8,0.5,0.97,"(8, 6)","(5, 5)",20,No
Trial 3.55,0.8,0.5,0.97,"(3, 2)","(1, 6)",30,No
Trial 3.56,0.8,0.5,0.97,"(2, 3)","(8, 4)",35,No
Trial 3.57,0.8,0.5,0.97,"(5, 5)","(1, 3)",30,No
Trial 3.58,0.8,0.5,0.97,"(1, 1)","(7, 4)",45,No
Trial 3.59,0.8,0.5,0.97,"(5, 2)","(7, 5)",25,No
Trial 3.60,0.8,0.5,0.97,"(7, 1)","(3, 2)",25,No
Trial 3.61,0.8,0.5,0.97,"(4, 1)","(7, 5)",35,No
Trial 3.62,0.8,0.5,0.97,"(2, 4)","(7, 4)",25,No
Trial 3.63,0.8,0.5,0.97,"(4, 5)","(5, 2)",20,No
Trial 3.64,0.8,0.5,0.97,"(8, 4)","(2, 4)",30,No
Trial 3.65,0.8,0.5,0.97,"(3, 6)","(5, 3)",25,No
Trial 3.66,0.8,0.5,0.97,"(5, 5)","(4, 1)",25,No
Trial 3.67,0.8,0.5,0.97,"(5, 4)","(1, 4)",20,No
Trial 3.68,0.8,0.5,0.97,"(6, 6)","(1, 5)",30,No
Trial 3.69,0.8,0.5,0.97,"(4, 4)","(6, 6)",20,No
Trial 3.70,0.8,0.5,0.97,"(2, 1)","(4, 4)",25,No
Trial 3.71,0.8,0.5,0.97,"(1, 4)","(7, 3)",35,No
Trial 3.72,0.8,0.5,0.97,"(7, 1)","(8, 6)",30,No
Trial 3.73,0.8,0.5,0.97,"(8, 6)","(1, 4)",45,No
Trial 3.74,0.8,0.5,0.97,"(4, 1)","(4, 5)",20,No
Trial 3.75,0.8,0.5,0.97,"(3, 4)","(5, 2)",20,No
Trial 3.76,0.8,0.5,0.97,"(7, 2)","(2, 3)",30,No
Trial 3.77,0.8,0.5,0.97,"(1, 4)","(2, 1)",20,No
Trial 3.78,0.8,0.5,0.97,"(7, 3)","(4, 5)",25,No
Trial 3.79,0.8,0.5,0.97,"(5, 3)","(8, 4)",20,No
Trial 3.80,0.8,0.5,0.97,"(8, 4)","(4, 1)",35,No
Trial 3.81,0.8,0.5,0.97,"(6, 6)","(7, 3)",20,No
Trial 3.82,0.8,0.5,0.97,"(5, 5)","(8, 2)",30,No
Trial 3.83,0.8,0.5,0.97,"(5, 1)","(5, 5)",20,No
Trial 3.84,0.8,0.5,0.97,"(5, 6)","(8, 5)",20,No
Trial 3.85,0.8,0.5,0.97,"(5, 4)","(6, 1)",20,No
Trial 3.86,0.8,0.5,0.97,"(6, 5)","(1, 2)",40,No
Trial 3.87,0.8,0.5,0.97,"(6, 5)","(7, 2)",20,No
Trial 3.88,0.8,0.5,0.97,"(6, 2)","(8, 6)",30,No
Trial 3.89,0.8,0.5,0.97,"(1, 3)","(7, 2)",35,No
Trial 3.90,0.8,0.5,0.97,"(5, 1)","(4, 6)",30,No
Trial 3.91,0.8,0.5,0.97,"(6, 4)","(4, 2)",20,No
Trial 3.92,0.8,0.5,0.97,"(6, 4)","(3, 1)",30,No
Trial 3.93,0.8,0.5,0.97,"(5, 6)","(6, 1)",30,Yes
Trial 3.94,0.8,0.5,0.97,"(4, 1)","(4, 6)",25,No
Trial 3.95,0.8,0.5,0.97,"(4, 3)","(1, 5)",25,No
Trial 3.96,0.8,0.5,0.97,"(2, 5)","(7, 5)",25,No
Trial 3.97,0.8,0.5,0.97,"(7, 6)","(6, 2)",25,No
Trial 3.98,0.8,0.5,0.97,"(5, 2)","(1, 3)",25,No
Trial 3.99,0.8,0.5,0.97,"(6, 4)","(8, 6)",20,No
Trial 4.0,0.8,0.5,0.98,"(8, 4)","(5, 6)",25,No
Trial 4.1,0.8,0.5,0.98,"(7, 3)","(5, 1)",20,No
Trial 4.2,0.8,0.5,0.98,"(3, 4)","(8, 1)",40,No
Trial 4.3,0.8,0.5,0.98,"(4, 3)","(8, 3)",20,Yes
Trial 4.4,0.8,0.5,0.98,"(2, 5)","(8, 6)",35,Yes
Trial 4.5,0.8,0.5,0.98,"(1, 5)","(4, 4)",20,Yes
Trial 4.6,0.8,0.5,0.98,"(8, 2)","(5, 4)",25,Yes
Trial 4.7,0.8,0.5,0.98,"(4, 1)","(8, 2)",25,No
Trial 4.8,0.8,0.5,0.98,"(1, 3)","(3, 5)",20,Yes
Trial 4.9,0.8,0.5,0.98,"(4, 5)","(7, 3)",25,Yes
Trial 4.10,0.8,0.5,0.98,"(5, 4)","(7, 2)",20,Yes
Trial 4.11,0.8,0.5,0.98,"(1, 4)","(4, 5)",20,No
Trial 4.12,0.8,0.5,0.98,"(2, 4)","(6, 6)",30,No
Trial 4.13,0.8,0.5,0.98,"(7, 3)","(1, 1)",40,Yes
Trial 4.14,0.8,0.5,0.98,"(3, 1)","(8, 5)",45,No
Trial 4.15,0.8,0.5,0.98,"(6, 6)","(4, 2)",30,Yes
Trial 4.16,0.8,0.5,0.98,"(3, 1)","(7, 4)",35,No
Trial 4.17,0.8,0.5,0.98,"(7, 2)","(1, 4)",40,No
Trial 4.18,0.8,0.5,0.98,"(1, 1)","(5, 4)",35,Yes
Trial 4.19,0.8,0.5,0.98,"(5, 5)","(1, 4)",25,Yes
Trial 4.20,0.8,0.5,0.98,"(8, 3)","(2, 6)",45,No
Trial 4.21,0.8,0.5,0.98,"(4, 1)","(1, 5)",35,No
Trial 4.22,0.8,0.5,0.98,"(2, 3)","(5, 6)",30,Yes
Trial 4.23,0.8,0.5,0.98,"(2, 2)","(7, 3)",30,Yes
Trial 4.24,0.8,0.5,0.98,"(5, 4)","(2, 2)",25,Yes
Trial 4.25,0.8,0.5,0.98,"(7, 4)","(3, 1)",35,No
Trial 4.26,0.8,0.5,0.98,"(7, 2)","(5, 4)",20,No
Trial 4.27,0.8,0.5,0.98,"(6, 1)","(2, 4)",35,No
Trial 4.28,0.8,0.5,0.98,"(5, 1)","(3, 3)",20,No
Trial 4.29,0.8,0.5,0.98,"(3, 6)","(2, 3)",20,No
Trial 4.30,0.8,0.5,0.98,"(2, 3)","(6, 3)",20,Yes
Trial 4.31,0.8,0.5,0.98,"(8, 1)","(3, 6)",50,Yes
Trial 4.32,0.8,0.5,0.98,"(2, 6)","(3, 3)",20,No
Trial 4.33,0.8,0.5,0.98,"(8, 3)","(1, 3)",35,Yes
Trial 4.34,0.8,0.5,0.98,"(8, 2)","(2, 1)",35,Yes
Trial 4.35,0.8,0.5,0.98,"(6, 2)","(8, 4)",20,No
Trial 4.36,0.8,0.5,0.98,"(5, 2)","(8, 5)",30,Yes
Trial 4.37,0.8,0.5,0.98,"(1, 5)","(6, 5)",25,Yes
Trial 4.38,0.8,0.5,0.98,"(5, 2)","(4, 5)",20,No
Trial 4.39,0.8,0.5,0.98,"(7, 6)","(6, 1)",30,Yes
Trial 4.40,0.8,0.5,0.98,"(4, 1)","(6, 3)",20,No
Trial 4.41,0.8,0.5,0.98,"(4, 5)","(2, 3)",20,No
Trial 4.42,0.8,0.5,0.98,"(2, 2)","(5, 5)",30,Yes
Trial 4.43,0.8,0.5,0.98,"(1, 2)","(6, 4)",35,No
Trial 4.44,0.8,0.5,0.98,"(1, 3)","(8, 5)",45,Yes
Trial 4.45,0.8,0.5,0.98,"(8, 3)","(3, 5)",35,No
Trial 4.46,0.8,0.5,0.98,"(5, 6)","(2, 5)",20,No
Trial 4.47,0.8,0.5,0.98,"(2, 5)","(8, 3)",40,No
Trial 4.48,0.8,0.5,0.98,"(8, 2)","(8, 6)",20,Yes
Trial 4.49,0.8,0.5,0.98,"(3, 2)","(6, 4)",25,Yes
Trial 4.50,0.8,0.5,0.98,"(5, 1)","(1, 4)",35,No
Trial 4.51,0.8,0.5,0.98,"(1, 5)","(3, 2)",25,Yes
Trial 4.52,0.8,0.5,0.98,"(6, 6)","(3, 2)",35,Yes
Trial 4.53,0.8,0.5,0.98,"(4, 2)","(6, 5)",25,Yes
Trial 4.54,0.8,0.5,0.98,"(5, 4)","(3, 2)",20,No
Trial 4.55,0.8,0.5,0.98,"(8, 4)","(1, 1)",50,No
Trial 4.56,0.8,0.5,0.98,"(6, 4)","(1, 2)",35,Yes
Trial 4.57,0.8,0.5,0.98,"(3, 2)","(6, 4)",25,Yes
Trial 4.58,0.8,0.5,0.98,"(6, 1)","(6, 5)",20,Yes
Trial 4.59,0.8,0.5,0.98,"(1, 3)","(2, 6)",20,No
Trial 4.60,0.8,0.5,0.98,"(6, 4)","(2, 1)",35,Yes
Trial 4.61,0.8,0.5,0.98,"(2, 4)","(7, 2)",35,Yes
Trial 4.62,0.8,0.5,0.98,"(8, 4)","(1, 6)",45,No
Trial 4.63,0.8,0.5,0.98,"(4, 1)","(8, 1)",20,Yes
Trial 4.64,0.8,0.5,0.98,"(6, 1)","(1, 5)",45,No
Trial 4.65,0.8,0.5,0.98,"(2, 4)","(8, 3)",35,No
Trial 4.66,0.8,0.5,0.98,"(8, 4)","(1, 1)",50,No
Trial 4.67,0.8,0.5,0.98,"(4, 2)","(7, 4)",25,No
Trial 4.68,0.8,0.5,0.98,"(3, 3)","(7, 1)",30,Yes
Trial 4.69,0.8,0.5,0.98,"(5, 3)","(1, 6)",35,No
Trial 4.70,0.8,0.5,0.98,"(6, 3)","(1, 1)",35,No
Trial 4.71,0.8,0.5,0.98,"(2, 1)","(7, 3)",35,No
Trial 4.72,0.8,0.5,0.98,"(8, 6)","(3, 5)",30,Yes
Trial 4.73,0.8,0.5,0.98,"(7, 5)","(3, 3)",30,Yes
Trial 4.74,0.8,0.5,0.98,"(4, 5)","(7, 3)",25,Yes
Trial 4.75,0.8,0.5,0.98,"(1, 6)","(7, 3)",45,No
Trial 4.76,0.8,0.5,0.98,"(8, 5)","(1, 6)",40,No
Trial 4.77,0.8,0.5,0.98,"(6, 1)","(6, 6)",25,No
Trial 4.78,0.8,0.5,0.98,"(8, 5)","(3, 5)",25,Yes
Trial 4.79,0.8,0.5,0.98,"(7, 6)","(3, 1)",45,Yes
Trial 4.80,0.8,0.5,0.98,"(5, 2)","(8, 6)",35,Yes
Trial 4.81,0.8,0.5,0.98,"(2, 3)","(7, 3)",25,Yes
Trial 4.82,0.8,0.5,0.98,"(1, 3)","(8, 3)",35,No
Trial 4.83,0.8,0.5,0.98,"(7, 2)","(4, 4)",25,Yes
Trial 4.84,0.8,0.5,0.98,"(6, 6)","(1, 1)",50,Yes
Trial 4.85,0.8,0.5,0.98,"(3, 6)","(6, 4)",25,No
Trial 4.86,0.8,0.5,0.98,"(8, 4)","(5, 1)",30,No
Trial 4.87,0.8,0.5,0.98,"(1, 4)","(4, 2)",25,Yes
Trial 4.88,0.8,0.5,0.98,"(2, 5)","(2, 1)",20,Yes
Trial 4.89,0.8,0.5,0.98,"(2, 1)","(7, 2)",30,No
Trial 4.90,0.8,0.5,0.98,"(3, 6)","(8, 5)",30,No
Trial 4.91,0.8,0.5,0.98,"(2, 3)","(8, 5)",40,Yes
Trial 4.92,0.8,0.5,0.98,"(2, 4)","(6, 2)",30,Yes
Trial 4.93,0.8,0.5,0.98,"(6, 3)","(2, 1)",30,Yes
Trial 4.94,0.8,0.5,0.98,"(4, 6)","(7, 4)",25,No
Trial 4.95,0.8,0.5,0.98,"(1, 3)","(8, 6)",50,Yes
Trial 4.96,0.8,0.5,0.98,"(1, 5)","(5, 5)",20,No
Trial 4.97,0.8,0.5,0.98,"(1, 6)","(4, 1)",40,Yes
Trial 4.98,0.8,0.5,0.98,"(8, 1)","(1, 1)",35,Yes
Trial 4.99,0.8,0.5,0.98,"(4, 2)","(7, 5)",30,Yes
Trial 5.0,0.8,0.5,0.99,"(2, 5)","(5, 6)",20,No
Trial 5.1,0.8,0.5,0.99,"(5, 2)","(1, 5)",35,No
Trial 5.2,0.8,0.5,0.99,"(5, 1)","(4, 6)",30,No
Trial 5.3,0.8,0.5,0.99,"(2, 2)","(6, 6)",40,No
Trial 5.4,0.8,0.5,0.99,"(6, 2)","(8, 6)",30,No
Trial 5.5,0.8,0.5,0.99,"(2, 1)","(3, 4)",20,No
Trial 5.6,0.8,0.5,0.99,"(3, 5)","(7, 6)",25,No
Trial 5.7,0.8,0.5,0.99,"(8, 2)","(2, 4)",40,No
Trial 5.8,0.8,0.5,0.99,"(7, 1)","(4, 2)",20,No
Trial 5.9,0.8,0.5,0.99,"(8, 5)","(5, 2)",30,No
Trial 5.10,0.8,0.5,0.99,"(1, 2)","(3, 5)",25,No
Trial 5.11,0.8,0.5,0.99,"(8, 3)","(5, 1)",25,No
Trial 5.12,0.8,0.5,0.99,"(1, 3)","(5, 4)",25,No
Trial 5.13,0.8,0.5,0.99,"(6, 1)","(2, 6)",45,No
Trial 5.14,0.8,0.5,0.99,"(1, 6)","(4, 1)",40,No
Trial 5.15,0.8,0.5,0.99,"(6, 3)","(8, 6)",25,No
Trial 5.16,0.8,0.5,0.99,"(7, 3)","(2, 4)",30,No
Trial 5.17,0.8,0.5,0.99,"(4, 3)","(1, 6)",30,No
Trial 5.18,0.8,0.5,0.99,"(5, 3)","(7, 1)",20,No
Trial 5.19,0.8,0.5,0.99,"(4, 4)","(7, 6)",25,No
Trial 5.20,0.8,0.5,0.99,"(3, 3)","(8, 1)",35,No
Trial 5.21,0.8,0.5,0.99,"(2, 1)","(5, 4)",30,No
Trial 5.22,0.8,0.5,0.99,"(1, 6)","(1, 2)",20,No
Trial 5.23,0.8,0.5,0.99,"(6, 3)","(2, 4)",25,No
Trial 5.24,0.8,0.5,0.99,"(7, 2)","(5, 5)",25,No
Trial 5.25,0.8,0.5,0.99,"(8, 1)","(4, 5)",40,No
Trial 5.26,0.8,0.5,0.99,"(6, 6)","(3, 1)",40,No
Trial 5.27,0.8,0.5,0.99,"(4, 6)","(6, 1)",35,No
Trial 5.28,0.8,0.5,0.99,"(8, 1)","(1, 6)",60,No
Trial 5.29,0.8,0.5,0.99,"(8, 3)","(6, 5)",20,No
Trial 5.30,0.8,0.5,0.99,"(3, 2)","(6, 5)",30,No
Trial 5.31,0.8,0.5,0.99,"(7, 4)","(2, 1)",40,No
Trial 5.32,0.8,0.5,0.99,"(1, 5)","(5, 5)",20,No
Trial 5.33,0.8,0.5,0.99,"(4, 2)","(8, 3)",25,No
Trial 5.34,0.8,0.5,0.99,"(5, 3)","(2, 2)",20,No
Trial 5.35,0.8,0.5,0.99,"(6, 1)","(7, 4)",20,No
Trial 5.36,0.8,0.5,0.99,"(8, 1)","(7, 4)",20,No
Trial 5.37,0.8,0.5,0.99,"(1, 5)","(4, 3)",25,No
Trial 5.38,0.8,0.5,0.99,"(1, 6)","(5, 5)",25,No
Trial 5.39,0.8,0.5,0.99,"(6, 6)","(2, 2)",40,No
Trial 5.40,0.8,0.5,0.99,"(1, 4)","(8, 3)",40,No
Trial 5.41,0.8,0.5,0.99,"(6, 1)","(4, 3)",20,No
Trial 5.42,0.8,0.5,0.99,"(4, 2)","(1, 6)",35,No
Trial 5.43,0.8,0.5,0.99,"(6, 5)","(5, 2)",20,No
Trial 5.44,0.8,0.5,0.99,"(5, 6)","(5, 2)",20,No
Trial 5.45,0.8,0.5,0.99,"(7, 6)","(2, 3)",40,No
Trial 5.46,0.8,0.5,0.99,"(7, 2)","(6, 5)",20,No
Trial 5.47,0.8,0.5,0.99,"(1, 1)","(4, 3)",25,No
Trial 5.48,0.8,0.5,0.99,"(7, 5)","(8, 1)",25,No
Trial 5.49,0.8,0.5,0.99,"(8, 6)","(4, 1)",45,No
Trial 5.50,0.8,0.5,0.99,"(4, 1)","(8, 3)",30,No
Trial 5.51,0.8,0.5,0.99,"(7, 3)","(5, 6)",25,No
Trial 5.52,0.8,0.5,0.99,"(4, 1)","(5, 5)",25,No
Trial 5.53,0.8,0.5,0.99,"(3, 1)","(1, 6)",35,No
Trial 5.54,0.8,0.5,0.99,"(4, 1)","(1, 2)",20,No
Trial 5.55,0.8,0.5,0.99,"(8, 4)","(6, 1)",25,No
Trial 5.56,0.8,0.5,0.99,"(2, 1)","(6, 2)",25,No
Trial 5.57,0.8,0.5,0.99,"(8, 2)","(3, 3)",30,No
Trial 5.58,0.8,0.5,0.99,"(1, 1)","(7, 6)",55,No
Trial 5.59,0.8,0.5,0.99,"(2, 4)","(5, 1)",30,No
Trial 5.60,0.8,0.5,0.99,"(1, 5)","(5, 6)",25,No
Trial 5.61,0.8,0.5,0.99,"(1, 6)","(6, 1)",50,No
Trial 5.62,0.8,0.5,0.99,"(7, 2)","(2, 3)",30,No
Trial 5.63,0.8,0.5,0.99,"(1, 5)","(7, 4)",35,No
Trial 5.64,0.8,0.5,0.99,"(3, 4)","(1, 6)",20,No
Trial 5.65,0.8,0.5,0.99,"(2, 2)","(7, 1)",30,No
Trial 5.66,0.8,0.5,0.99,"(8, 1)","(2, 2)",35,No
Trial 5.67,0.8,0.5,0.99,"(5, 2)","(7, 4)",20,No
Trial 5.68,0.8,0.5,0.99,"(5, 6)","(1, 2)",40,No
Trial 5.69,0.8,0.5,0.99,"(2, 3)","(6, 1)",30,No
Trial 5.70,0.8,0.5,0.99,"(2, 4)","(7, 6)",35,No
Trial 5.71,0.8,0.5,0.99,"(7, 3)","(3, 4)",25,No
Trial 5.72,0.8,0.5,0.99,"(2, 6)","(4, 1)",35,No
Trial 5.73,0.8,0.5,0.99,"(4, 5)","(3, 2)",20,No
Trial 5.74,0.8,0.5,0.99,"(2, 1)","(2, 5)",20,No
Trial 5.75,0.8,0.5,0.99,"(1, 2)","(5, 5)",35,No
Trial 5.76,0.8,0.5,0.99,"(4, 5)","(5, 1)",25,No
Trial 5.77,0.8,0.5,0.99,"(4, 2)","(7, 6)",35,No
Trial 5.78,0.8,0.5,0.99,"(6, 5)","(1, 6)",30,No
Trial 5.79,0.8,0.5,0.99,"(2, 5)","(4, 3)",20,No
Trial 5.80,0.8,0.5,0.99,"(7, 5)","(6, 1)",25,No
Trial 5.81,0.8,0.5,0.99,"(4, 2)","(4, 6)",20,No
Trial 5.82,0.8,0.5,0.99,"(3, 1)","(6, 3)",25,No
Trial 5.83,0.8,0.5,0.99,"(2, 3)","(6, 2)",25,No
Trial 5.84,0.8,0.5,0.99,"(2, 5)","(7, 3)",35,No
Trial 5.85,0.8,0.5,0.99,"(1, 5)","(2, 1)",25,No
Trial 5.86,0.8,0.5,0.99,"(8, 2)","(1, 1)",40,No
Trial 5.87,0.8,0.5,0.99,"(4, 3)","(6, 5)",20,No
Trial 5.88,0.8,0.5,0.99,"(8, 6)","(8, 2)",20,No
Trial 5.89,0.8,0.5,0.99,"(7, 3)","(2, 3)",25,No
Trial 5.90,0.8,0.5,0.99,"(2, 1)","(1, 6)",30,No
Trial 5.91,0.8,0.5,0.99,"(8, 4)","(4, 4)",20,No
Trial 5.92,0.8,0.5,0.99,"(1, 6)","(8, 3)",50,No
Trial 5.93,0.8,0.5,0.99,"(6, 3)","(2, 6)",35,No
Trial 5.94,0.8,0.5,0.99,"(5, 2)","(1, 5)",35,No
Trial 5.95,0.8,0.5,0.99,"(7, 2)","(3, 5)",35,No
Trial 5.96,0.8,0.5,0.99,"(1, 6)","(6, 1)",50,No
Trial 5.97,0.8,0.5,0.99,"(1, 1)","(4, 4)",30,No
Trial 5.98,0.8,0.5,0.99,"(4, 6)","(3, 1)",30,No
Trial 5.99,0.8,0.5,0.99,"(3, 4)","(8, 6)",35,No
Trial 6.0,0.8,0.55,0.95,"(3, 3)","(7, 4)",25,No
Trial 6.1,0.8,0.55,0.95,"(1, 3)","(5, 1)",30,No
Trial 6.2,0.8,0.55,0.95,"(7, 1)","(3, 6)",45,Yes
Trial 6.3,0.8,0.55,0.95,"(1, 4)","(2, 1)",20,No
Trial 6.4,0.8,0.55,0.95,"(1, 1)","(2, 4)",20,No
Trial 6.5,0.8,0.55,0.95,"(6, 3)","(3, 6)",30,No
Trial 6.6,0.8,0.55,0.95,"(7, 4)","(4, 5)",20,No
Trial 6.7,0.8,0.55,0.95,"(2, 2)","(6, 5)",35,No
Trial 6.8,0.8,0.55,0.95,"(2, 3)","(7, 2)",30,No
Trial 6.9,0.8,0.55,0.95,"(4, 3)","(1, 4)",20,No
Trial 6.10,0.8,0.55,0.95,"(1, 5)","(6, 4)",30,No
Trial 6.11,0.8,0.55,0.95,"(6, 5)","(4, 2)",25,No
Trial 6.12,0.8,0.55,0.95,"(8, 2)","(7, 6)",25,Yes
Trial 6.13,0.8,0.55,0.95,"(1, 5)","(5, 5)",20,No
Trial 6.14,0.8,0.55,0.95,"(2, 6)","(2, 2)",20,Yes
Trial 6.15,0.8,0.55,0.95,"(3, 4)","(7, 4)",20,Yes
Trial 6.16,0.8,0.55,0.95,"(3, 1)","(6, 6)",40,Yes
Trial 6.17,0.8,0.55,0.95,"(1, 4)","(7, 2)",40,No
Trial 6.18,0.8,0.55,0.95,"(6, 4)","(3, 6)",25,No
Trial 6.19,0.8,0.55,0.95,"(7, 3)","(5, 5)",20,No
Trial 6.20,0.8,0.55,0.95,"(3, 5)","(6, 1)",35,No
Trial 6.21,0.8,0.55,0.95,"(5, 1)","(4, 6)",30,Yes
Trial 6.22,0.8,0.55,0.95,"(4, 4)","(1, 3)",20,No
Trial 6.23,0.8,0.55,0.95,"(6, 2)","(2, 5)",35,No
Trial 6.24,0.8,0.55,0.95,"(6, 3)","(2, 2)",25,Yes
Trial 6.25,0.8,0.55,0.95,"(7, 3)","(1, 1)",40,No
Trial 6.26,0.8,0.55,0.95,"(7, 5)","(1, 1)",50,Yes
Trial 6.27,0.8,0.55,0.95,"(7, 5)","(2, 1)",45,Yes
Trial 6.28,0.8,0.55,0.95,"(3, 5)","(7, 6)",25,Yes
Trial 6.29,0.8,0.55,0.95,"(1, 1)","(4, 4)",30,No
Trial 6.30,0.8,0.55,0.95,"(5, 5)","(1, 3)",30,No
Trial 6.31,0.8,0.55,0.95,"(7, 1)","(2, 2)",30,No
Trial 6.32,0.8,0.55,0.95,"(7, 1)","(8, 5)",25,Yes
Trial 6.33,0.8,0.55,0.95,"(8, 6)","(2, 4)",40,No
Trial 6.34,0.8,0.55,0.95,"(6, 3)","(2, 5)",30,No
Trial 6.35,0.8,0.55,0.95,"(8, 4)","(5, 3)",20,No
Trial 6.36,0.8,0.55,0.95,"(8, 6)","(8, 1)",25,No
Trial 6.37,0.8,0.55,0.95,"(7, 2)","(6, 6)",25,No
Trial 6.38,0.8,0.55,0.95,"(3, 5)","(4, 1)",25,Yes
Trial 6.39,0.8,0.55,0.95,"(7, 1)","(4, 3)",25,No
Trial 6.40,0.8,0.55,0.95,"(5, 1)","(3, 5)",30,No
Trial 6.41,0.8,0.55,0.95,"(6, 3)","(4, 5)",20,No
Trial 6.42,0.8,0.55,0.95,"(2, 3)","(5, 6)",30,Yes
Trial 6.43,0.8,0.55,0.95,"(2, 3)","(6, 1)",30,Yes
Trial 6.44,0.8,0.55,0.95,"(7, 2)","(7, 6)",20,Yes
Trial 6.45,0.8,0.55,0.95,"(8, 6)","(6, 3)",25,Yes
Trial 6.46,0.8,0.55,0.95,"(1, 2)","(5, 6)",40,Yes
Trial 6.47,0.8,0.55,0.95,"(7, 5)","(4, 3)",25,Yes
Trial 6.48,0.8,0.55,0.95,"(5, 1)","(7, 5)",30,No
Trial 6.49,0.8,0.55,0.95,"(2, 3)","(8, 5)",40,Yes
Trial 6.50,0.8,0.55,0.95,"(8, 4)","(5, 6)",25,No
Trial 6.51,0.8,0.55,0.95,"(4, 4)","(1, 3)",20,No
Trial 6.52,0.8,0.55,0.95,"(8, 2)","(5, 4)",25,Yes
Trial 6.53,0.8,0.55,0.95,"(3, 2)","(5, 6)",30,Yes
Trial 6.54,0.8,0.55,0.95,"(4, 4)","(2, 6)",20,No
Trial 6.55,0.8,0.55,0.95,"(4, 1)","(6, 3)",20,No
Trial 6.56,0.8,0.55,0.95,"(5, 4)","(2, 1)",30,No
Trial 6.57,0.8,0.55,0.95,"(2, 5)","(3, 2)",20,No
Trial 6.58,0.8,0.55,0.95,"(5, 4)","(1, 1)",35,No
Trial 6.59,0.8,0.55,0.95,"(8, 2)","(3, 3)",30,No
Trial 6.60,0.8,0.55,0.95,"(4, 6)","(7, 1)",40,No
Trial 6.61,0.8,0.55,0.95,"(3, 1)","(6, 5)",35,Yes
Trial 6.62,0.8,0.55,0.95,"(4, 3)","(1, 5)",25,No
Trial 6.63,0.8,0.55,0.95,"(3, 2)","(2, 5)",20,No
Trial 6.64,0.8,0.55,0.95,"(3, 1)","(5, 6)",35,Yes
Trial 6.65,0.8,0.55,0.95,"(1, 4)","(3, 1)",25,No
Trial 6.66,0.8,0.55,0.95,"(6, 2)","(1, 5)",40,No
Trial 6.67,0.8,0.55,0.95,"(3, 1)","(1, 6)",35,No
Trial 6.68,0.8,0.55,0.95,"(8, 3)","(6, 1)",20,No
Trial 6.69,0.8,0.55,0.95,"(8, 2)","(1, 3)",40,No
Trial 6.70,0.8,0.55,0.95,"(4, 2)","(8, 6)",40,Yes
Trial 6.71,0.8,0.55,0.95,"(8, 4)","(1, 1)",50,No
Trial 6.72,0.8,0.55,0.95,"(4, 6)","(3, 1)",30,Yes
Trial 6.73,0.8,0.55,0.95,"(4, 6)","(1, 2)",35,Yes
Trial 6.74,0.8,0.55,0.95,"(4, 1)","(7, 2)",20,Yes
Trial 6.75,0.8,0.55,0.95,"(1, 2)","(3, 4)",20,No
Trial 6.76,0.8,0.55,0.95,"(2, 1)","(6, 3)",30,No
Trial 6.77,0.8,0.55,0.95,"(8, 5)","(3, 1)",45,No
Trial 6.78,0.8,0.55,0.95,"(5, 5)","(2, 4)",20,No
Trial 6.79,0.8,0.55,0.95,"(1, 6)","(4, 5)",20,Yes
Trial 6.80,0.8,0.55,0.95,"(5, 2)","(7, 5)",25,Yes
Trial 6.81,0.8,0.55,0.95,"(5, 5)","(6, 1)",25,No
Trial 6.82,0.8,0.55,0.95,"(5, 6)","(2, 3)",30,Yes
Trial 6.83,0.8,0.55,0.95,"(8, 6)","(3, 5)",30,Yes
Trial 6.84,0.8,0.55,0.95,"(5, 3)","(3, 5)",20,No
Trial 6.85,0.8,0.55,0.95,"(7, 4)","(2, 6)",35,No
Trial 6.86,0.8,0.55,0.95,"(7, 1)","(4, 2)",20,Yes
Trial 6.87,0.8,0.55,0.95,"(8, 2)","(3, 1)",30,No
Trial 6.88,0.8,0.55,0.95,"(5, 2)","(6, 6)",25,Yes
Trial 6.89,0.8,0.55,0.95,"(1, 4)","(5, 1)",35,No
Trial 6.90,0.8,0.55,0.95,"(5, 5)","(1, 6)",25,No
Trial 6.91,0.8,0.55,0.95,"(7, 1)","(4, 6)",40,Yes
Trial 6.92,0.8,0.55,0.95,"(1, 2)","(8, 2)",35,Yes
Trial 6.93,0.8,0.55,0.95,"(6, 2)","(1, 4)",35,No
Trial 6.94,0.8,0.55,0.95,"(6, 4)","(7, 1)",20,No
Trial 6.95,0.8,0.55,0.95,"(5, 2)","(4, 6)",25,Yes
Trial 6.96,0.8,0.55,0.95,"(1, 3)","(5, 1)",30,Yes
Trial 6.97,0.8,0.55,0.95,"(2, 2)","(7, 2)",25,No
Trial 6.98,0.8,0.55,0.95,"(5, 3)","(2, 4)",20,No
Trial 6.99,0.8,0.55,0.95,"(2, 5)","(6, 6)",25,Yes
Trial 7.0,0.8,0.55,0.96,"(1, 4)","(8, 6)",45,Yes
Trial 7.1,0.8,0.55,0.96,"(2, 4)","(6, 1)",35,Yes
Trial 7.2,0.8,0.55,0.96,"(7, 2)","(5, 4)",20,Yes
Trial 7.3,0.8,0.55,0.96,"(2, 5)","(2, 1)",20,No
Trial 7.4,0.8,0.55,0.96,"(1, 4)","(5, 5)",25,Yes
Trial 7.5,0.8,0.55,0.96,"(8, 2)","(1, 5)",50,No
Trial 7.6,0.8,0.55,0.96,"(3, 4)","(7, 5)",25,No
Trial 7.7,0.8,0.55,0.96,"(1, 3)","(4, 1)",25,Yes
Trial 7.8,0.8,0.55,0.96,"(1, 5)","(4, 6)",20,No
Trial 7.9,0.8,0.55,0.96,"(2, 5)","(7, 4)",30,No
Trial 7.10,0.8,0.55,0.96,"(2, 3)","(8, 4)",35,Yes
Trial 7.11,0.8,0.55,0.96,"(6, 5)","(1, 3)",35,Yes
Trial 7.12,0.8,0.55,0.96,"(4, 6)","(5, 1)",30,No
Trial 7.13,0.8,0.55,0.96,"(3, 2)","(6, 6)",35,Yes
Trial 7.14,0.8,0.55,0.96,"(6, 3)","(1, 1)",35,Yes
Trial 7.15,0.8,0.55,0.96,"(4, 5)","(5, 1)",25,Yes
Trial 7.16,0.8,0.55,0.96,"(3, 5)","(1, 2)",25,No
Trial 7.17,0.8,0.55,0.96,"(6, 3)","(7, 6)",20,No
Trial 7.18,0.8,0.55,0.96,"(8, 6)","(6, 2)",30,No
Trial 7.19,0.8,0.55,0.96,"(7, 4)","(2, 2)",35,No
Trial 7.20,0.8,0.55,0.96,"(8, 1)","(4, 5)",40,Yes
Trial 7.21,0.8,0.55,0.96,"(8, 6)","(1, 3)",50,No
Trial 7.22,0.8,0.55,0.96,"(1, 5)","(6, 1)",45,Yes
Trial 7.23,0.8,0.55,0.96,"(1, 6)","(7, 1)",55,No
Trial 7.24,0.8,0.55,0.96,"(7, 3)","(3, 6)",35,Yes
Trial 7.25,0.8,0.55,0.96,"(2, 6)","(5, 3)",30,No
Trial 7.26,0.8,0.55,0.96,"(7, 5)","(5, 2)",25,No
Trial 7.27,0.8,0.55,0.96,"(6, 1)","(1, 4)",40,No
Trial 7.28,0.8,0.55,0.96,"(7, 2)","(2, 4)",35,No
Trial 7.29,0.8,0.55,0.96,"(5, 1)","(3, 4)",25,No
Trial 7.30,0.8,0.55,0.96,"(6, 1)","(6, 5)",20,No
Trial 7.31,0.8,0.55,0.96,"(3, 5)","(2, 2)",20,No
Trial 7.32,0.8,0.55,0.96,"(5, 6)","(8, 2)",35,No
Trial 7.33,0.8,0.55,0.96,"(5, 6)","(2, 1)",40,No
Trial 7.34,0.8,0.55,0.96,"(5, 6)","(8, 1)",40,No
Trial 7.35,0.8,0.55,0.96,"(6, 2)","(2, 6)",40,Yes
Trial 7.36,0.8,0.55,0.96,"(6, 5)","(2, 2)",35,Yes
Trial 7.37,0.8,0.55,0.96,"(5, 6)","(8, 4)",25,Yes
Trial 7.38,0.8,0.55,0.96,"(4, 2)","(1, 5)",30,Yes
Trial 7.39,0.8,0.55,0.96,"(2, 6)","(3, 3)",20,No
Trial 7.40,0.8,0.55,0.96,"(3, 2)","(7, 3)",25,No
Trial 7.41,0.8,0.55,0.96,"(4, 6)","(5, 2)",25,No
Trial 7.42,0.8,0.55,0.96,"(4, 3)","(2, 1)",20,No
Trial 7.43,0.8,0.55,0.96,"(8, 2)","(7, 6)",25,No
Trial 7.44,0.8,0.55,0.96,"(2, 2)","(8, 4)",40,No
Trial 7.45,0.8,0.55,0.96,"(6, 1)","(2, 1)",20,No
Trial 7.46,0.8,0.55,0.96,"(3, 5)","(7, 6)",25,No
Trial 7.47,0.8,0.55,0.96,"(7, 1)","(8, 5)",25,No
Trial 7.48,0.8,0.55,0.96,"(4, 1)","(1, 6)",40,No
Trial 7.49,0.8,0.55,0.96,"(6, 5)","(7, 2)",20,No
Trial 7.50,0.8,0.55,0.96,"(2, 3)","(8, 3)",30,No
Trial 7.51,0.8,0.55,0.96,"(5, 4)","(7, 6)",20,No
Trial 7.52,0.8,0.55,0.96,"(5, 4)","(2, 1)",30,Yes
Trial 7.53,0.8,0.55,0.96,"(8, 5)","(8, 1)",20,No
Trial 7.54,0.8,0.55,0.96,"(5, 4)","(8, 5)",20,No
Trial 7.55,0.8,0.55,0.96,"(2, 5)","(8, 1)",50,No
Trial 7.56,0.8,0.55,0.96,"(1, 1)","(8, 2)",40,No
Trial 7.57,0.8,0.55,0.96,"(2, 3)","(5, 2)",20,No
Trial 7.58,0.8,0.55,0.96,"(7, 3)","(1, 6)",45,No
Trial 7.59,0.8,0.55,0.96,"(4, 3)","(2, 1)",20,Yes
Trial 7.60,0.8,0.55,0.96,"(1, 3)","(5, 3)",20,No
Trial 7.61,0.8,0.55,0.96,"(1, 6)","(7, 4)",40,No
Trial 7.62,0.8,0.55,0.96,"(2, 1)","(3, 5)",25,No
Trial 7.63,0.8,0.55,0.96,"(3, 3)","(8, 4)",30,No
Trial 7.64,0.8,0.55,0.96,"(7, 4)","(8, 1)",20,No
Trial 7.65,0.8,0.55,0.96,"(5, 2)","(5, 6)",20,No
Trial 7.66,0.8,0.55,0.96,"(8, 1)","(2, 2)",35,No
Trial 7.67,0.8,0.55,0.96,"(6, 1)","(3, 5)",35,No
Trial 7.68,0.8,0.55,0.96,"(4, 3)","(5, 6)",20,No
Trial 7.69,0.8,0.55,0.96,"(3, 3)","(7, 6)",35,No
Trial 7.70,0.8,0.55,0.96,"(6, 6)","(2, 1)",45,No
Trial 7.71,0.8,0.55,0.96,"(6, 5)","(1, 2)",40,No
Trial 7.72,0.8,0.55,0.96,"(3, 4)","(1, 1)",25,No
Trial 7.73,0.8,0.55,0.96,"(8, 1)","(1, 6)",60,No
Trial 7.74,0.8,0.55,0.96,"(4, 5)","(6, 2)",25,No
Trial 7.75,0.8,0.55,0.96,"(4, 5)","(3, 1)",25,No
Trial 7.76,0.8,0.55,0.96,"(3, 1)","(4, 6)",30,No
Trial 7.77,0.8,0.55,0.96,"(3, 5)","(7, 4)",25,No
Trial 7.78,0.8,0.55,0.96,"(1, 2)","(2, 5)",20,No
Trial 7.79,0.8,0.55,0.96,"(2, 5)","(4, 2)",25,Yes
Trial 7.80,0.8,0.55,0.96,"(5, 3)","(7, 6)",25,No
Trial 7.81,0.8,0.55,0.96,"(8, 3)","(5, 6)",30,Yes
Trial 7.82,0.8,0.55,0.96,"(7, 2)","(1, 6)",50,No
Trial 7.83,0.8,0.55,0.96,"(5, 5)","(1, 4)",25,No
Trial 7.84,0.8,0.55,0.96,"(8, 6)","(3, 1)",50,No
Trial 7.85,0.8,0.55,0.96,"(2, 1)","(7, 1)",25,No
Trial 7.86,0.8,0.55,0.96,"(5, 6)","(2, 3)",30,Yes
Trial 7.87,0.8,0.55,0.96,"(2, 5)","(8, 1)",50,No
Trial 7.88,0.8,0.55,0.96,"(8, 1)","(4, 5)",40,No
Trial 7.89,0.8,0.55,0.96,"(4, 6)","(1, 2)",35,Yes
Trial 7.90,0.8,0.55,0.96,"(8, 1)","(6, 3)",20,No
Trial 7.91,0.8,0.55,0.96,"(8, 1)","(7, 5)",25,Yes
Trial 7.92,0.8,0.55,0.96,"(6, 4)","(2, 1)",35,Yes
Trial 7.93,0.8,0.55,0.96,"(4, 2)","(5, 5)",20,No
Trial 7.94,0.8,0.55,0.96,"(4, 2)","(6, 4)",20,No
Trial 7.95,0.8,0.55,0.96,"(4, 5)","(7, 3)",25,No
Trial 7.96,0.8,0.55,0.96,"(1, 2)","(7, 1)",35,No
Trial 7.97,0.8,0.55,0.96,"(8, 3)","(5, 6)",30,No
Trial 7.98,0.8,0.55,0.96,"(3, 2)","(4, 5)",20,No
Trial 7.99,0.8,0.55,0.96,"(1, 3)","(3, 1)",20,Yes
Trial 8.0,0.8,0.55,0.97,"(4, 6)","(6, 4)",20,No
Trial 8.1,0.8,0.55,0.97,"(7, 5)","(6, 1)",25,Yes
Trial 8.2,0.8,0.55,0.97,"(1, 1)","(6, 4)",40,No
Trial 8.3,0.8,0.55,0.97,"(2, 6)","(8, 1)",55,No
Trial 8.4,0.8,0.55,0.97,"(1, 6)","(5, 3)",35,No
Trial 8.5,0.8,0.55,0.97,"(6, 1)","(7, 5)",25,No
Trial 8.6,0.8,0.55,0.97,"(2, 3)","(4, 1)",20,No
Trial 8.7,0.8,0.55,0.97,"(4, 4)","(7, 3)",20,No
Trial 8.8,0.8,0.55,0.97,"(3, 5)","(7, 2)",35,No
Trial 8.9,0.8,0.55,0.97,"(8, 5)","(2, 6)",35,No
Trial 8.10,0.8,0.55,0.97,"(1, 5)","(5, 3)",30,No
Trial 8.11,0.8,0.55,0.97,"(6, 2)","(8, 5)",25,No
Trial 8.12,0.8,0.55,0.97,"(7, 1)","(8, 6)",30,No
Trial 8.13,0.8,0.55,0.97,"(6, 3)","(8, 6)",25,No
Trial 8.14,0.8,0.55,0.97,"(3, 1)","(3, 5)",20,No
Trial 8.15,0.8,0.55,0.97,"(4, 6)","(2, 2)",30,No
Trial 8.16,0.8,0.55,0.97,"(7, 6)","(6, 1)",30,No
Trial 8.17,0.8,0.55,0.97,"(1, 4)","(5, 6)",30,No
Trial 8.18,0.8,0.55,0.97,"(5, 5)","(1, 1)",40,No
Trial 8.19,0.8,0.55,0.97,"(3, 6)","(2, 1)",30,No
Trial 8.20,0.8,0.55,0.97,"(8, 3)","(4, 5)",30,No
Trial 8.21,0.8,0.55,0.97,"(5, 2)","(5, 6)",20,No
Trial 8.22,0.8,0.55,0.97,"(4, 5)","(1, 3)",25,No
Trial 8.23,0.8,0.55,0.97,"(6, 2)","(8, 6)",30,No
Trial 8.24,0.8,0.55,0.97,"(8, 5)","(3, 3)",35,No
Trial 8.25,0.8,0.55,0.97,"(2, 3)","(7, 6)",40,No
Trial 8.26,0.8,0.55,0.97,"(1, 2)","(7, 2)",30,No
Trial 8.27,0.8,0.55,0.97,"(2, 4)","(8, 1)",45,No
Trial 8.28,0.8,0.55,0.97,"(6, 4)","(8, 1)",25,No
Trial 8.29,0.8,0.55,0.97,"(8, 1)","(5, 2)",20,No
Trial 8.30,0.8,0.55,0.97,"(2, 5)","(8, 6)",35,No
Trial 8.31,0.8,0.55,0.97,"(8, 4)","(1, 2)",45,No
Trial 8.32,0.8,0.55,0.97,"(2, 2)","(7, 5)",40,No
Trial 8.33,0.8,0.55,0.97,"(1, 2)","(7, 3)",35,No
Trial 8.34,0.8,0.55,0.97,"(5, 5)","(1, 5)",20,No
Trial 8.35,0.8,0.55,0.97,"(1, 4)","(7, 3)",35,No
Trial 8.36,0.8,0.55,0.97,"(1, 3)","(7, 3)",30,Yes
Trial 8.37,0.8,0.55,0.97,"(3, 5)","(7, 3)",30,No
Trial 8.38,0.8,0.55,0.97,"(1, 4)","(7, 6)",40,No
Trial 8.39,0.8,0.55,0.97,"(8, 6)","(5, 2)",35,No
Trial 8.40,0.8,0.55,0.97,"(8, 5)","(3, 3)",35,No
Trial 8.41,0.8,0.55,0.97,"(4, 1)","(6, 4)",25,No
Trial 8.42,0.8,0.55,0.97,"(7, 3)","(1, 3)",30,Yes
Trial 8.43,0.8,0.55,0.97,"(2, 2)","(3, 5)",20,No
Trial 8.44,0.8,0.55,0.97,"(5, 2)","(1, 1)",25,No
Trial 8.45,0.8,0.55,0.97,"(4, 6)","(1, 3)",30,No
Trial 8.46,0.8,0.55,0.97,"(4, 6)","(6, 2)",30,No
Trial 8.47,0.8,0.55,0.97,"(8, 3)","(4, 2)",25,No
Trial 8.48,0.8,0.55,0.97,"(5, 5)","(8, 3)",25,No
Trial 8.49,0.8,0.55,0.97,"(1, 1)","(5, 2)",25,No
Trial 8.50,0.8,0.55,0.97,"(5, 5)","(8, 2)",30,No
Trial 8.51,0.8,0.55,0.97,"(2, 5)","(7, 1)",45,No
Trial 8.52,0.8,0.55,0.97,"(4, 1)","(1, 2)",20,No
Trial 8.53,0.8,0.55,0.97,"(1, 2)","(5, 3)",25,No
Trial 8.54,0.8,0.55,0.97,"(7, 2)","(2, 1)",30,No
Trial 8.55,0.8,0.55,0.97,"(4, 2)","(8, 3)",25,No
Trial 8.56,0.8,0.55,0.97,"(1, 2)","(7, 4)",40,No
Trial 8.57,0.8,0.55,0.97,"(5, 4)","(2, 6)",25,No
Trial 8.58,0.8,0.55,0.97,"(7, 2)","(5, 5)",25,No
Trial 8.59,0.8,0.55,0.97,"(2, 5)","(6, 5)",20,No
Trial 8.60,0.8,0.55,0.97,"(5, 6)","(2, 4)",25,No
Trial 8.61,0.8,0.55,0.97,"(2, 3)","(7, 5)",35,No
Trial 8.62,0.8,0.55,0.97,"(6, 3)","(2, 5)",30,No
Trial 8.63,0.8,0.55,0.97,"(7, 1)","(5, 4)",25,No
Trial 8.64,0.8,0.55,0.97,"(4, 5)","(2, 2)",25,No
Trial 8.65,0.8,0.55,0.97,"(4, 2)","(2, 5)",25,No
Trial 8.66,0.8,0.55,0.97,"(1, 5)","(2, 2)",20,No
Trial 8.67,0.8,0.55,0.97,"(8, 6)","(4, 2)",40,No
Trial 8.68,0.8,0.55,0.97,"(3, 6)","(7, 4)",30,No
Trial 8.69,0.8,0.55,0.97,"(2, 4)","(5, 2)",25,No
Trial 8.70,0.8,0.55,0.97,"(7, 1)","(1, 6)",55,No
Trial 8.71,0.8,0.55,0.97,"(4, 3)","(7, 1)",25,No
Trial 8.72,0.8,0.55,0.97,"(5, 3)","(1, 6)",35,No
Trial 8.73,0.8,0.55,0.97,"(2, 5)","(4, 3)",20,No
Trial 8.74,0.8,0.55,0.97,"(8, 6)","(2, 1)",55,No
Trial 8.75,0.8,0.55,0.97,"(1, 1)","(5, 3)",30,No
Trial 8.76,0.8,0.55,0.97,"(1, 6)","(4, 1)",40,No
Trial 8.77,0.8,0.55,0.97,"(5, 2)","(1, 1)",25,No
Trial 8.78,0.8,0.55,0.97,"(1, 2)","(3, 5)",25,No
Trial 8.79,0.8,0.55,0.97,"(1, 3)","(6, 4)",30,No
Trial 8.80,0.8,0.55,0.97,"(6, 4)","(2, 4)",20,No
Trial 8.81,0.8,0.55,0.97,"(2, 4)","(5, 5)",20,No
Trial 8.82,0.8,0.55,0.97,"(4, 5)","(6, 3)",20,No
Trial 8.83,0.8,0.55,0.97,"(3, 1)","(4, 6)",30,No
Trial 8.84,0.8,0.55,0.97,"(7, 3)","(2, 2)",30,No
Trial 8.85,0.8,0.55,0.97,"(5, 2)","(8, 3)",20,No
Trial 8.86,0.8,0.55,0.97,"(1, 2)","(1, 6)",20,Yes
Trial 8.87,0.8,0.55,0.97,"(7, 1)","(2, 5)",45,No
Trial 8.88,0.8,0.55,0.97,"(3, 6)","(2, 2)",25,No
Trial 8.89,0.8,0.55,0.97,"(2, 6)","(5, 4)",25,No
Trial 8.90,0.8,0.55,0.97,"(8, 1)","(1, 3)",45,No
Trial 8.91,0.8,0.55,0.97,"(6, 2)","(3, 5)",30,No
Trial 8.92,0.8,0.55,0.97,"(2, 4)","(7, 6)",35,No
Trial 8.93,0.8,0.55,0.97,"(7, 5)","(2, 6)",30,No
Trial 8.94,0.8,0.55,0.97,"(3, 1)","(6, 3)",25,No
Trial 8.95,0.8,0.55,0.97,"(1, 5)","(8, 1)",55,No
Trial 8.96,0.8,0.55,0.97,"(7, 2)","(3, 2)",20,No
Trial 8.97,0.8,0.55,0.97,"(4, 1)","(3, 6)",30,No
Trial 8.98,0.8,0.55,0.97,"(7, 4)","(1, 3)",35,No
Trial 8.99,0.8,0.55,0.97,"(5, 3)","(8, 5)",25,No
Trial 9.0,0.8,0.55,0.98,"(5, 2)","(8, 1)",20,No
Trial 9.1,0.8,0.55,0.98,"(1, 2)","(8, 5)",50,Yes
Trial 9.2,0.8,0.55,0.98,"(4, 3)","(2, 6)",25,Yes
Trial 9.3,0.8,0.55,0.98,"(3, 4)","(8, 1)",40,No
Trial 9.4,0.8,0.55,0.98,"(6, 2)","(8, 6)",30,No
Trial 9.5,0.8,0.55,0.98,"(5, 5)","(1, 3)",30,No
Trial 9.6,0.8,0.55,0.98,"(3, 4)","(6, 3)",20,No
Trial 9.7,0.8,0.55,0.98,"(6, 6)","(1, 5)",30,No
Trial 9.8,0.8,0.55,0.98,"(1, 4)","(6, 4)",25,No
Trial 9.9,0.8,0.55,0.98,"(1, 3)","(5, 1)",30,No
Trial 9.10,0.8,0.55,0.98,"(6, 1)","(8, 6)",35,No
Trial 9.11,0.8,0.55,0.98,"(1, 5)","(6, 3)",35,No
Trial 9.12,0.8,0.55,0.98,"(7, 5)","(2, 6)",30,No
Trial 9.13,0.8,0.55,0.98,"(5, 2)","(8, 1)",20,No
Trial 9.14,0.8,0.55,0.98,"(6, 4)","(2, 6)",30,No
Trial 9.15,0.8,0.55,0.98,"(3, 2)","(5, 4)",20,No
Trial 9.16,0.8,0.55,0.98,"(5, 2)","(1, 2)",20,No
Trial 9.17,0.8,0.55,0.98,"(2, 3)","(7, 6)",40,No
Trial 9.18,0.8,0.55,0.98,"(6, 2)","(8, 4)",20,No
Trial 9.19,0.8,0.55,0.98,"(7, 6)","(2, 3)",40,No
Trial 9.20,0.8,0.55,0.98,"(4, 2)","(3, 6)",25,No
Trial 9.21,0.8,0.55,0.98,"(7, 4)","(2, 4)",25,No
Trial 9.22,0.8,0.55,0.98,"(1, 2)","(5, 3)",25,No
Trial 9.23,0.8,0.55,0.98,"(2, 1)","(5, 3)",25,No
Trial 9.24,0.8,0.55,0.98,"(6, 4)","(4, 1)",25,No
Trial 9.25,0.8,0.55,0.98,"(4, 2)","(6, 6)",30,No
Trial 9.26,0.8,0.55,0.98,"(7, 3)","(2, 4)",30,No
Trial 9.27,0.8,0.55,0.98,"(5, 1)","(7, 3)",20,No
Trial 9.28,0.8,0.55,0.98,"(3, 2)","(5, 4)",20,No
Trial 9.29,0.8,0.55,0.98,"(8, 2)","(8, 6)",20,Yes
Trial 9.30,0.8,0.55,0.98,"(6, 3)","(2, 3)",20,No
Trial 9.31,0.8,0.55,0.98,"(8, 5)","(1, 6)",40,No
Trial 9.32,0.8,0.55,0.98,"(4, 4)","(8, 5)",25,No
Trial 9.33,0.8,0.55,0.98,"(1, 6)","(6, 4)",35,No
Trial 9.34,0.8,0.55,0.98,"(5, 1)","(2, 6)",40,No
Trial 9.35,0.8,0.55,0.98,"(5, 2)","(8, 1)",20,No
Trial 9.36,0.8,0.55,0.98,"(5, 4)","(8, 1)",30,No
Trial 9.37,0.8,0.55,0.98,"(1, 4)","(5, 4)",20,No
Trial 9.38,0.8,0.55,0.98,"(2, 1)","(7, 5)",45,No
Trial 9.39,0.8,0.55,0.98,"(4, 2)","(3, 6)",25,No
Trial 9.40,0.8,0.55,0.98,"(6, 2)","(8, 5)",25,No
Trial 9.41,0.8,0.55,0.98,"(3, 1)","(5, 6)",35,No
Trial 9.42,0.8,0.55,0.98,"(5, 2)","(1, 3)",25,No
Trial 9.43,0.8,0.55,0.98,"(3, 2)","(1, 6)",30,No
Trial 9.44,0.8,0.55,0.98,"(5, 6)","(8, 1)",40,No
Trial 9.45,0.8,0.55,0.98,"(8, 3)","(3, 6)",40,No
Trial 9.46,0.8,0.55,0.98,"(7, 1)","(1, 1)",30,No
Trial 9.47,0.8,0.55,0.98,"(6, 3)","(4, 1)",20,No
Trial 9.48,0.8,0.55,0.98,"(2, 3)","(5, 4)",20,No
Trial 9.49,0.8,0.55,0.98,"(5, 2)","(4, 6)",25,No
Trial 9.50,0.8,0.55,0.98,"(1, 6)","(3, 3)",25,No
Trial 9.51,0.8,0.55,0.98,"(6, 4)","(1, 4)",25,No
Trial 9.52,0.8,0.55,0.98,"(6, 1)","(8, 3)",20,No
Trial 9.53,0.8,0.55,0.98,"(3, 1)","(6, 3)",25,No
Trial 9.54,0.8,0.55,0.98,"(3, 1)","(7, 1)",20,No
Trial 9.55,0.8,0.55,0.98,"(3, 6)","(7, 2)",40,No
Trial 9.56,0.8,0.55,0.98,"(3, 5)","(5, 3)",20,No
Trial 9.57,0.8,0.55,0.98,"(6, 5)","(2, 1)",40,No
Trial 9.58,0.8,0.55,0.98,"(7, 1)","(4, 3)",25,No
Trial 9.59,0.8,0.55,0.98,"(6, 1)","(1, 1)",25,No
Trial 9.60,0.8,0.55,0.98,"(2, 6)","(3, 2)",25,No
Trial 9.61,0.8,0.55,0.98,"(2, 1)","(7, 2)",30,No
Trial 9.62,0.8,0.55,0.98,"(3, 1)","(1, 4)",25,No
Trial 9.63,0.8,0.55,0.98,"(4, 5)","(3, 1)",25,No
Trial 9.64,0.8,0.55,0.98,"(8, 6)","(4, 2)",40,No
Trial 9.65,0.8,0.55,0.98,"(1, 4)","(4, 6)",25,No
Trial 9.66,0.8,0.55,0.98,"(2, 4)","(7, 3)",30,No
Trial 9.67,0.8,0.55,0.98,"(5, 4)","(8, 2)",25,No
Trial 9.68,0.8,0.55,0.98,"(5, 5)","(7, 1)",30,No
Trial 9.69,0.8,0.55,0.98,"(3, 1)","(7, 2)",25,No
Trial 9.70,0.8,0.55,0.98,"(8, 3)","(6, 5)",20,No
Trial 9.71,0.8,0.55,0.98,"(5, 5)","(7, 3)",20,No
Trial 9.72,0.8,0.55,0.98,"(5, 3)","(8, 6)",30,No
Trial 9.73,0.8,0.55,0.98,"(5, 2)","(7, 4)",20,No
Trial 9.74,0.8,0.55,0.98,"(8, 2)","(2, 5)",45,No
Trial 9.75,0.8,0.55,0.98,"(1, 6)","(7, 2)",50,No
Trial 9.76,0.8,0.55,0.98,"(5, 2)","(6, 6)",25,No
Trial 9.77,0.8,0.55,0.98,"(1, 1)","(8, 2)",40,No
Trial 9.78,0.8,0.55,0.98,"(6, 6)","(4, 1)",35,No
Trial 9.79,0.8,0.55,0.98,"(1, 3)","(8, 4)",40,No
Trial 9.80,0.8,0.55,0.98,"(2, 5)","(7, 6)",30,No
Trial 9.81,0.8,0.55,0.98,"(3, 3)","(5, 6)",25,No
Trial 9.82,0.8,0.55,0.98,"(8, 6)","(5, 2)",35,No
Trial 9.83,0.8,0.55,0.98,"(3, 5)","(6, 6)",20,No
Trial 9.84,0.8,0.55,0.98,"(7, 1)","(1, 6)",55,No
Trial 9.85,0.8,0.55,0.98,"(5, 5)","(2, 1)",35,No
Trial 9.86,0.8,0.55,0.98,"(3, 5)","(7, 6)",25,No
Trial 9.87,0.8,0.55,0.98,"(1, 1)","(6, 6)",50,No
Trial 9.88,0.8,0.55,0.98,"(1, 3)","(7, 1)",40,No
Trial 9.89,0.8,0.55,0.98,"(6, 1)","(1, 2)",30,No
Trial 9.90,0.8,0.55,0.98,"(1, 5)","(6, 1)",45,No
Trial 9.91,0.8,0.55,0.98,"(7, 6)","(2, 5)",30,No
Trial 9.92,0.8,0.55,0.98,"(7, 1)","(5, 4)",25,No
Trial 9.93,0.8,0.55,0.98,"(1, 3)","(7, 6)",45,No
Trial 9.94,0.8,0.55,0.98,"(1, 6)","(4, 3)",30,No
Trial 9.95,0.8,0.55,0.98,"(3, 4)","(7, 4)",20,No
Trial 9.96,0.8,0.55,0.98,"(4, 5)","(4, 1)",20,No
Trial 9.97,0.8,0.55,0.98,"(7, 4)","(4, 1)",30,No
Trial 9.98,0.8,0.55,0.98,"(1, 1)","(3, 4)",25,No
Trial 9.99,0.8,0.55,0.98,"(6, 3)","(2, 4)",25,No
Trial 10.0,0.8,0.55,0.99,"(7, 6)","(3, 1)",45,Yes
Trial 10.1,0.8,0.55,0.99,"(7, 6)","(3, 4)",30,Yes
Trial 10.2,0.8,0.55,0.99,"(7, 6)","(4, 2)",35,Yes
Trial 10.3,0.8,0.55,0.99,"(1, 3)","(6, 6)",40,No
Trial 10.4,0.8,0.55,0.99,"(4, 3)","(8, 3)",20,No
Trial 10.5,0.8,0.55,0.99,"(8, 4)","(5, 2)",25,Yes
Trial 10.6,0.8,0.55,0.99,"(4, 1)","(8, 2)",25,Yes
Trial 10.7,0.8,0.55,0.99,"(5, 3)","(7, 5)",20,No
Trial 10.8,0.8,0.55,0.99,"(3, 6)","(8, 1)",50,No
Trial 10.9,0.8,0.55,0.99,"(7, 3)","(2, 3)",25,No
Trial 10.10,0.8,0.55,0.99,"(5, 6)","(7, 4)",20,No
Trial 10.11,0.8,0.55,0.99,"(6, 6)","(1, 5)",30,Yes
Trial 10.12,0.8,0.55,0.99,"(4, 5)","(1, 2)",30,No
Trial 10.13,0.8,0.55,0.99,"(5, 3)","(1, 2)",25,Yes
Trial 10.14,0.8,0.55,0.99,"(2, 1)","(1, 5)",25,No
Trial 10.15,0.8,0.55,0.99,"(7, 4)","(3, 5)",25,Yes
Trial 10.16,0.8,0.55,0.99,"(7, 5)","(4, 4)",20,Yes
Trial 10.17,0.8,0.55,0.99,"(6, 3)","(3, 5)",25,No
Trial 10.18,0.8,0.55,0.99,"(6, 3)","(3, 6)",30,No
Trial 10.19,0.8,0.55,0.99,"(2, 5)","(6, 2)",35,No
Trial 10.20,0.8,0.55,0.99,"(6, 3)","(1, 6)",40,No
Trial 10.21,0.8,0.55,0.99,"(2, 1)","(3, 6)",30,Yes
Trial 10.22,0.8,0.55,0.99,"(8, 1)","(6, 5)",30,Yes
Trial 10.23,0.8,0.55,0.99,"(6, 4)","(4, 6)",20,Yes
Trial 10.24,0.8,0.55,0.99,"(2, 4)","(6, 4)",20,Yes
Trial 10.25,0.8,0.55,0.99,"(7, 5)","(2, 2)",40,Yes
Trial 10.26,0.8,0.55,0.99,"(2, 2)","(5, 1)",20,No
Trial 10.27,0.8,0.55,0.99,"(7, 6)","(1, 1)",55,Yes
Trial 10.28,0.8,0.55,0.99,"(5, 3)","(8, 5)",25,No
Trial 10.29,0.8,0.55,0.99,"(2, 2)","(1, 6)",25,No
Trial 10.30,0.8,0.55,0.99,"(2, 5)","(8, 2)",45,No
Trial 10.31,0.8,0.55,0.99,"(7, 3)","(2, 1)",35,No
Trial 10.32,0.8,0.55,0.99,"(3, 5)","(7, 4)",25,Yes
Trial 10.33,0.8,0.55,0.99,"(3, 6)","(8, 4)",35,No
Trial 10.34,0.8,0.55,0.99,"(2, 1)","(6, 2)",25,No
Trial 10.35,0.8,0.55,0.99,"(6, 1)","(7, 6)",30,Yes
Trial 10.36,0.8,0.55,0.99,"(8, 6)","(2, 1)",55,Yes
Trial 10.37,0.8,0.55,0.99,"(1, 3)","(6, 4)",30,Yes
Trial 10.38,0.8,0.55,0.99,"(5, 1)","(6, 5)",25,Yes
Trial 10.39,0.8,0.55,0.99,"(7, 2)","(6, 6)",25,Yes
Trial 10.40,0.8,0.55,0.99,"(3, 5)","(7, 3)",30,No
Trial 10.41,0.8,0.55,0.99,"(5, 6)","(3, 1)",35,Yes
Trial 10.42,0.8,0.55,0.99,"(3, 3)","(7, 4)",25,Yes
Trial 10.43,0.8,0.55,0.99,"(1, 6)","(8, 1)",60,No
Trial 10.44,0.8,0.55,0.99,"(6, 5)","(3, 4)",20,Yes
Trial 10.45,0.8,0.55,0.99,"(7, 6)","(3, 6)",20,Yes
Trial 10.46,0.8,0.55,0.99,"(3, 6)","(4, 1)",30,No
Trial 10.47,0.8,0.55,0.99,"(1, 1)","(2, 6)",30,No
Trial 10.48,0.8,0.55,0.99,"(4, 5)","(1, 4)",20,Yes
Trial 10.49,0.8,0.55,0.99,"(2, 6)","(2, 1)",25,No
Trial 10.50,0.8,0.55,0.99,"(3, 4)","(8, 6)",35,Yes
Trial 10.51,0.8,0.55,0.99,"(3, 6)","(1, 2)",30,No
Trial 10.52,0.8,0.55,0.99,"(8, 3)","(2, 2)",35,No
Trial 10.53,0.8,0.55,0.99,"(1, 2)","(8, 5)",50,Yes
Trial 10.54,0.8,0.55,0.99,"(6, 3)","(4, 6)",25,Yes
Trial 10.55,0.8,0.55,0.99,"(8, 2)","(5, 4)",25,No
Trial 10.56,0.8,0.55,0.99,"(6, 5)","(2, 1)",40,Yes
Trial 10.57,0.8,0.55,0.99,"(2, 1)","(8, 6)",55,No
Trial 10.58,0.8,0.55,0.99,"(8, 1)","(4, 3)",30,No
Trial 10.59,0.8,0.55,0.99,"(2, 6)","(1, 3)",20,No
Trial 10.60,0.8,0.55,0.99,"(7, 6)","(2, 6)",25,Yes
Trial 10.61,0.8,0.55,0.99,"(7, 2)","(3, 3)",25,Yes
Trial 10.62,0.8,0.55,0.99,"(3, 3)","(6, 2)",20,No
Trial 10.63,0.8,0.55,0.99,"(4, 4)","(7, 6)",25,Yes
Trial 10.64,0.8,0.55,0.99,"(1, 4)","(7, 6)",40,Yes
Trial 10.65,0.8,0.55,0.99,"(7, 6)","(4, 4)",25,No
Trial 10.66,0.8,0.55,0.99,"(3, 1)","(2, 5)",25,No
Trial 10.67,0.8,0.55,0.99,"(8, 3)","(4, 3)",20,Yes
Trial 10.68,0.8,0.55,0.99,"(2, 5)","(5, 4)",20,Yes
Trial 10.69,0.8,0.55,0.99,"(1, 2)","(8, 4)",45,No
Trial 10.70,0.8,0.55,0.99,"(8, 4)","(3, 3)",30,Yes
Trial 10.71,0.8,0.55,0.99,"(6, 6)","(8, 3)",25,No
Trial 10.72,0.8,0.55,0.99,"(2, 1)","(5, 5)",35,Yes
Trial 10.73,0.8,0.55,0.99,"(7, 1)","(7, 5)",20,Yes
Trial 10.74,0.8,0.55,0.99,"(1, 1)","(7, 4)",45,No
Trial 10.75,0.8,0.55,0.99,"(6, 2)","(4, 4)",20,Yes
Trial 10.76,0.8,0.55,0.99,"(4, 4)","(8, 1)",35,No
Trial 10.77,0.8,0.55,0.99,"(1, 4)","(8, 3)",40,No
Trial 10.78,0.8,0.55,0.99,"(6, 4)","(2, 3)",25,Yes
Trial 10.79,0.8,0.55,0.99,"(1, 4)","(5, 4)",20,Yes
Trial 10.80,0.8,0.55,0.99,"(2, 1)","(7, 4)",40,No
Trial 10.81,0.8,0.55,0.99,"(1, 6)","(6, 6)",25,Yes
Trial 10.82,0.8,0.55,0.99,"(1, 1)","(3, 5)",30,No
Trial 10.83,0.8,0.55,0.99,"(5, 4)","(1, 5)",25,No
Trial 10.84,0.8,0.55,0.99,"(3, 5)","(2, 1)",25,Yes
Trial 10.85,0.8,0.55,0.99,"(1, 5)","(7, 6)",35,Yes
Trial 10.86,0.8,0.55,0.99,"(4, 6)","(3, 1)",30,Yes
Trial 10.87,0.8,0.55,0.99,"(8, 5)","(3, 1)",45,Yes
Trial 10.88,0.8,0.55,0.99,"(8, 1)","(2, 5)",50,Yes
Trial 10.89,0.8,0.55,0.99,"(8, 1)","(5, 4)",30,No
Trial 10.90,0.8,0.55,0.99,"(1, 1)","(4, 3)",25,Yes
Trial 10.91,0.8,0.55,0.99,"(5, 5)","(8, 3)",25,No
Trial 10.92,0.8,0.55,0.99,"(4, 6)","(7, 4)",25,No
Trial 10.93,0.8,0.55,0.99,"(1, 2)","(4, 5)",30,No
Trial 10.94,0.8,0.55,0.99,"(1, 6)","(5, 1)",45,No
Trial 10.95,0.8,0.55,0.99,"(7, 3)","(2, 5)",35,Yes
Trial 10.96,0.8,0.55,0.99,"(4, 6)","(7, 2)",35,No
Trial 10.97,0.8,0.55,0.99,"(7, 1)","(4, 3)",25,No
Trial 10.98,0.8,0.55,0.99,"(6, 1)","(5, 5)",25,No
Trial 10.99,0.8,0.55,0.99,"(8, 1)","(1, 2)",40,No
Trial 11.0,0.85,0.5,0.95,"(1, 2)","(8, 2)",35,No
Trial 11.1,0.85,0.5,0.95,"(5, 6)","(7, 3)",25,Yes
Trial 11.2,0.85,0.5,0.95,"(6, 1)","(5, 4)",20,Yes
Trial 11.3,0.85,0.5,0.95,"(2, 3)","(6, 3)",20,Yes
Trial 11.4,0.85,0.5,0.95,"(5, 3)","(3, 6)",25,Yes
Trial 11.5,0.85,0.5,0.95,"(2, 2)","(7, 4)",35,Yes
Trial 11.6,0.85,0.5,0.95,"(7, 5)","(7, 1)",20,Yes
Trial 11.7,0.85,0.5,0.95,"(8, 3)","(2, 1)",40,No
Trial 11.8,0.85,0.5,0.95,"(8, 4)","(3, 4)",25,No
Trial 11.9,0.85,0.5,0.95,"(3, 2)","(8, 2)",25,Yes
Trial 11.10,0.85,0.5,0.95,"(8, 1)","(2, 1)",30,Yes
Trial 11.11,0.85,0.5,0.95,"(8, 4)","(5, 6)",25,No
Trial 11.12,0.85,0.5,0.95,"(2, 1)","(1, 6)",30,No
Trial 11.13,0.85,0.5,0.95,"(7, 2)","(1, 2)",30,Yes
Trial 11.14,0.85,0.5,0.95,"(8, 4)","(2, 2)",40,Yes
Trial 11.15,0.85,0.5,0.95,"(4, 5)","(1, 6)",20,No
Trial 11.16,0.85,0.5,0.95,"(7, 2)","(4, 6)",35,Yes
Trial 11.17,0.85,0.5,0.95,"(4, 3)","(1, 6)",30,No
Trial 11.18,0.85,0.5,0.95,"(5, 4)","(3, 1)",25,Yes
Trial 11.19,0.85,0.5,0.95,"(2, 6)","(7, 4)",35,No
Trial 11.20,0.85,0.5,0.95,"(1, 1)","(7, 3)",40,Yes
Trial 11.21,0.85,0.5,0.95,"(6, 3)","(3, 5)",25,No
Trial 11.22,0.85,0.5,0.95,"(1, 5)","(4, 4)",20,Yes
Trial 11.23,0.85,0.5,0.95,"(7, 5)","(1, 1)",50,No
Trial 11.24,0.85,0.5,0.95,"(2, 6)","(7, 4)",35,Yes
Trial 11.25,0.85,0.5,0.95,"(2, 3)","(7, 6)",40,No
Trial 11.26,0.85,0.5,0.95,"(4, 3)","(7, 4)",20,Yes
Trial 11.27,0.85,0.5,0.95,"(2, 3)","(8, 1)",40,No
Trial 11.28,0.85,0.5,0.95,"(2, 4)","(5, 6)",25,No
Trial 11.29,0.85,0.5,0.95,"(8, 3)","(7, 6)",20,Yes
Trial 11.30,0.85,0.5,0.95,"(1, 4)","(6, 2)",35,No
Trial 11.31,0.85,0.5,0.95,"(8, 6)","(1, 5)",40,Yes
Trial 11.32,0.85,0.5,0.95,"(3, 5)","(5, 1)",30,Yes
Trial 11.33,0.85,0.5,0.95,"(5, 4)","(1, 3)",25,Yes
Trial 11.34,0.85,0.5,0.95,"(4, 2)","(7, 3)",20,No
Trial 11.35,0.85,0.5,0.95,"(7, 6)","(1, 6)",30,Yes
Trial 11.36,0.85,0.5,0.95,"(6, 1)","(4, 6)",35,Yes
Trial 11.37,0.85,0.5,0.95,"(5, 3)","(1, 4)",25,Yes
Trial 11.38,0.85,0.5,0.95,"(2, 3)","(8, 4)",35,Yes
Trial 11.39,0.85,0.5,0.95,"(7, 5)","(2, 4)",30,Yes
Trial 11.40,0.85,0.5,0.95,"(2, 1)","(8, 3)",40,No
Trial 11.41,0.85,0.5,0.95,"(7, 6)","(5, 1)",35,Yes
Trial 11.42,0.85,0.5,0.95,"(1, 6)","(7, 3)",45,Yes
Trial 11.43,0.85,0.5,0.95,"(8, 3)","(2, 3)",30,Yes
Trial 11.44,0.85,0.5,0.95,"(8, 4)","(2, 1)",45,Yes
Trial 11.45,0.85,0.5,0.95,"(3, 3)","(6, 4)",20,Yes
Trial 11.46,0.85,0.5,0.95,"(8, 4)","(1, 1)",50,Yes
Trial 11.47,0.85,0.5,0.95,"(7, 6)","(1, 6)",30,No
Trial 11.48,0.85,0.5,0.95,"(4, 5)","(6, 3)",20,No
Trial 11.49,0.85,0.5,0.95,"(1, 6)","(2, 1)",30,Yes
Trial 11.50,0.85,0.5,0.95,"(6, 3)","(2, 6)",35,Yes
Trial 11.51,0.85,0.5,0.95,"(5, 5)","(7, 2)",25,No
Trial 11.52,0.85,0.5,0.95,"(7, 5)","(1, 3)",40,Yes
Trial 11.53,0.85,0.5,0.95,"(8, 3)","(3, 1)",35,No
Trial 11.54,0.85,0.5,0.95,"(1, 1)","(3, 3)",20,Yes
Trial 11.55,0.85,0.5,0.95,"(6, 4)","(2, 3)",25,Yes
Trial 11.56,0.85,0.5,0.95,"(7, 6)","(1, 6)",30,Yes
Trial 11.57,0.85,0.5,0.95,"(8, 4)","(6, 6)",20,Yes
Trial 11.58,0.85,0.5,0.95,"(1, 1)","(7, 1)",30,Yes
Trial 11.59,0.85,0.5,0.95,"(1, 4)","(5, 5)",25,Yes
Trial 11.60,0.85,0.5,0.95,"(6, 2)","(1, 1)",30,No
Trial 11.61,0.85,0.5,0.95,"(3, 2)","(8, 4)",35,No
Trial 11.62,0.85,0.5,0.95,"(3, 2)","(4, 6)",25,Yes
Trial 11.63,0.85,0.5,0.95,"(6, 1)","(7, 6)",30,Yes
Trial 11.64,0.85,0.5,0.95,"(8, 1)","(3, 6)",50,Yes
Trial 11.65,0.85,0.5,0.95,"(7, 1)","(3, 3)",30,No
Trial 11.66,0.85,0.5,0.95,"(7, 1)","(2, 2)",30,No
Trial 11.67,0.85,0.5,0.95,"(4, 6)","(1, 4)",25,No
Trial 11.68,0.85,0.5,0.95,"(1, 1)","(8, 2)",40,No
Trial 11.69,0.85,0.5,0.95,"(7, 5)","(1, 2)",45,No
Trial 11.70,0.85,0.5,0.95,"(8, 3)","(3, 5)",35,No
Trial 11.71,0.85,0.5,0.95,"(1, 4)","(8, 3)",40,No
Trial 11.72,0.85,0.5,0.95,"(3, 6)","(7, 2)",40,No
Trial 11.73,0.85,0.5,0.95,"(8, 2)","(2, 4)",40,Yes
Trial 11.74,0.85,0.5,0.95,"(7, 6)","(8, 2)",25,No
Trial 11.75,0.85,0.5,0.95,"(3, 2)","(8, 1)",30,Yes
Trial 11.76,0.85,0.5,0.95,"(2, 3)","(3, 6)",20,Yes
Trial 11.77,0.85,0.5,0.95,"(8, 5)","(7, 1)",25,No
Trial 11.78,0.85,0.5,0.95,"(4, 2)","(1, 6)",35,No
Trial 11.79,0.85,0.5,0.95,"(4, 3)","(1, 5)",25,No
Trial 11.80,0.85,0.5,0.95,"(6, 6)","(3, 3)",30,No
Trial 11.81,0.85,0.5,0.95,"(8, 2)","(7, 5)",20,Yes
Trial 11.82,0.85,0.5,0.95,"(6, 2)","(4, 6)",30,Yes
Trial 11.83,0.85,0.5,0.95,"(3, 2)","(7, 2)",20,Yes
Trial 11.84,0.85,0.5,0.95,"(1, 5)","(7, 1)",50,Yes
Trial 11.85,0.85,0.5,0.95,"(2, 5)","(7, 5)",25,Yes
Trial 11.86,0.85,0.5,0.95,"(3, 5)","(5, 1)",30,No
Trial 11.87,0.85,0.5,0.95,"(2, 6)","(4, 4)",20,Yes
Trial 11.88,0.85,0.5,0.95,"(4, 3)","(7, 2)",20,Yes
Trial 11.89,0.85,0.5,0.95,"(2, 4)","(6, 2)",30,Yes
Trial 11.90,0.85,0.5,0.95,"(8, 3)","(7, 6)",20,Yes
Trial 11.91,0.85,0.5,0.95,"(7, 2)","(3, 3)",25,No
Trial 11.92,0.85,0.5,0.95,"(4, 1)","(1, 3)",25,No
Trial 11.93,0.85,0.5,0.95,"(6, 6)","(2, 4)",30,Yes
Trial 11.94,0.85,0.5,0.95,"(7, 3)","(3, 4)",25,Yes
Trial 11.95,0.85,0.5,0.95,"(6, 5)","(3, 3)",25,Yes
Trial 11.96,0.85,0.5,0.95,"(8, 2)","(5, 6)",35,Yes
Trial 11.97,0.85,0.5,0.95,"(2, 5)","(7, 6)",30,Yes
Trial 11.98,0.85,0.5,0.95,"(6, 6)","(2, 4)",30,Yes
Trial 11.99,0.85,0.5,0.95,"(3, 2)","(8, 3)",30,Yes
Trial 12.0,0.85,0.5,0.96,"(5, 1)","(1, 6)",45,Yes
Trial 12.1,0.85,0.5,0.96,"(2, 2)","(6, 6)",40,Yes
Trial 12.2,0.85,0.5,0.96,"(2, 2)","(6, 2)",20,Yes
Trial 12.3,0.85,0.5,0.96,"(1, 2)","(4, 6)",35,No
Trial 12.4,0.85,0.5,0.96,"(8, 2)","(2, 6)",50,No
Trial 12.5,0.85,0.5,0.96,"(1, 5)","(8, 4)",40,No
Trial 12.6,0.85,0.5,0.96,"(7, 3)","(1, 4)",35,No
Trial 12.7,0.85,0.5,0.96,"(7, 1)","(2, 3)",35,No
Trial 12.8,0.85,0.5,0.96,"(1, 3)","(3, 6)",25,No
Trial 12.9,0.85,0.5,0.96,"(1, 5)","(4, 2)",30,No
Trial 12.10,0.85,0.5,0.96,"(3, 4)","(6, 2)",25,No
Trial 12.11,0.85,0.5,0.96,"(4, 1)","(8, 5)",40,No
Trial 12.12,0.85,0.5,0.96,"(7, 5)","(5, 1)",30,No
Trial 12.13,0.85,0.5,0.96,"(4, 2)","(1, 5)",30,No
Trial 12.14,0.85,0.5,0.96,"(6, 3)","(5, 6)",20,No
Trial 12.15,0.85,0.5,0.96,"(7, 6)","(3, 3)",35,No
Trial 12.16,0.85,0.5,0.96,"(2, 3)","(6, 5)",30,No
Trial 12.17,0.85,0.5,0.96,"(5, 1)","(4, 5)",25,No
Trial 12.18,0.85,0.5,0.96,"(5, 6)","(7, 4)",20,No
Trial 12.19,0.85,0.5,0.96,"(8, 3)","(1, 4)",40,No
Trial 12.20,0.85,0.5,0.96,"(5, 3)","(8, 2)",20,No
Trial 12.21,0.85,0.5,0.96,"(4, 4)","(8, 6)",30,No
Trial 12.22,0.85,0.5,0.96,"(1, 4)","(2, 1)",20,No
Trial 12.23,0.85,0.5,0.96,"(7, 1)","(1, 1)",30,No
Trial 12.24,0.85,0.5,0.96,"(7, 6)","(6, 3)",20,No
Trial 12.25,0.85,0.5,0.96,"(7, 5)","(5, 3)",20,No
Trial 12.26,0.85,0.5,0.96,"(1, 6)","(7, 5)",35,No
Trial 12.27,0.85,0.5,0.96,"(7, 1)","(3, 3)",30,No
Trial 12.28,0.85,0.5,0.96,"(6, 6)","(2, 6)",20,Yes
Trial 12.29,0.85,0.5,0.96,"(8, 2)","(2, 4)",40,No
Trial 12.30,0.85,0.5,0.96,"(4, 5)","(7, 4)",20,No
Trial 12.31,0.85,0.5,0.96,"(8, 6)","(5, 2)",35,No
Trial 12.32,0.85,0.5,0.96,"(7, 6)","(4, 4)",25,No
Trial 12.33,0.85,0.5,0.96,"(3, 6)","(7, 1)",45,No
Trial 12.34,0.85,0.5,0.96,"(6, 4)","(4, 2)",20,No
Trial 12.35,0.85,0.5,0.96,"(7, 2)","(1, 2)",30,No
Trial 12.36,0.85,0.5,0.96,"(7, 4)","(1, 3)",35,No
Trial 12.37,0.85,0.5,0.96,"(7, 3)","(3, 2)",25,No
Trial 12.38,0.85,0.5,0.96,"(7, 1)","(3, 6)",45,No
Trial 12.39,0.85,0.5,0.96,"(5, 4)","(1, 6)",30,No
Trial 12.40,0.85,0.5,0.96,"(8, 1)","(4, 6)",45,No
Trial 12.41,0.85,0.5,0.96,"(5, 5)","(7, 2)",25,No
Trial 12.42,0.85,0.5,0.96,"(5, 2)","(3, 6)",30,No
Trial 12.43,0.85,0.5,0.96,"(1, 6)","(1, 2)",20,Yes
Trial 12.44,0.85,0.5,0.96,"(1, 3)","(5, 2)",25,No
Trial 12.45,0.85,0.5,0.96,"(3, 1)","(5, 4)",25,No
Trial 12.46,0.85,0.5,0.96,"(1, 6)","(5, 5)",25,No
Trial 12.47,0.85,0.5,0.96,"(7, 6)","(6, 2)",25,No
Trial 12.48,0.85,0.5,0.96,"(2, 1)","(8, 4)",45,No
Trial 12.49,0.85,0.5,0.96,"(8, 6)","(3, 3)",40,No
Trial 12.50,0.85,0.5,0.96,"(8, 5)","(4, 1)",40,No
Trial 12.51,0.85,0.5,0.96,"(7, 1)","(4, 4)",30,No
Trial 12.52,0.85,0.5,0.96,"(3, 6)","(8, 1)",50,No
Trial 12.53,0.85,0.5,0.96,"(1, 1)","(6, 1)",25,No
Trial 12.54,0.85,0.5,0.96,"(4, 6)","(7, 3)",30,No
Trial 12.55,0.85,0.5,0.96,"(4, 1)","(6, 4)",25,No
Trial 12.56,0.85,0.5,0.96,"(7, 2)","(4, 4)",25,No
Trial 12.57,0.85,0.5,0.96,"(4, 3)","(6, 1)",20,No
Trial 12.58,0.85,0.5,0.96,"(2, 1)","(1, 4)",20,No
Trial 12.59,0.85,0.5,0.96,"(5, 1)","(2, 4)",30,No
Trial 12.60,0.85,0.5,0.96,"(5, 4)","(2, 2)",25,No
Trial 12.61,0.85,0.5,0.96,"(1, 3)","(7, 6)",45,No
Trial 12.62,0.85,0.5,0.96,"(2, 6)","(3, 2)",25,No
Trial 12.63,0.85,0.5,0.96,"(8, 2)","(3, 5)",40,No
Trial 12.64,0.85,0.5,0.96,"(6, 1)","(4, 3)",20,No
Trial 12.65,0.85,0.5,0.96,"(7, 5)","(3, 1)",40,No
Trial 12.66,0.85,0.5,0.96,"(1, 6)","(7, 3)",45,No
Trial 12.67,0.85,0.5,0.96,"(8, 1)","(1, 3)",45,No
Trial 12.68,0.85,0.5,0.96,"(6, 3)","(3, 5)",25,No
Trial 12.69,0.85,0.5,0.96,"(1, 1)","(5, 5)",40,No
Trial 12.70,0.85,0.5,0.96,"(4, 5)","(2, 1)",30,No
Trial 12.71,0.85,0.5,0.96,"(2, 4)","(8, 3)",35,No
Trial 12.72,0.85,0.5,0.96,"(8, 6)","(6, 3)",25,No
Trial 12.73,0.85,0.5,0.96,"(3, 6)","(8, 6)",25,No
Trial 12.74,0.85,0.5,0.96,"(7, 3)","(3, 4)",25,No
Trial 12.75,0.85,0.5,0.96,"(7, 1)","(2, 1)",25,No
Trial 12.76,0.85,0.5,0.96,"(6, 5)","(3, 1)",35,No
Trial 12.77,0.85,0.5,0.96,"(7, 5)","(3, 6)",25,No
Trial 12.78,0.85,0.5,0.96,"(6, 6)","(8, 4)",20,No
Trial 12.79,0.85,0.5,0.96,"(7, 5)","(2, 6)",30,No
Trial 12.80,0.85,0.5,0.96,"(2, 2)","(6, 6)",40,No
Trial 12.81,0.85,0.5,0.96,"(6, 3)","(3, 4)",20,No
Trial 12.82,0.85,0.5,0.96,"(3, 1)","(5, 6)",35,No
Trial 12.83,0.85,0.5,0.96,"(8, 6)","(1, 1)",60,No
Trial 12.84,0.85,0.5,0.96,"(6, 3)","(3, 1)",25,No
Trial 12.85,0.85,0.5,0.96,"(2, 3)","(5, 6)",30,No
Trial 12.86,0.85,0.5,0.96,"(5, 1)","(7, 3)",20,No
Trial 12.87,0.85,0.5,0.96,"(3, 4)","(7, 5)",25,No
Trial 12.88,0.85,0.5,0.96,"(6, 1)","(5, 5)",25,No
Trial 12.89,0.85,0.5,0.96,"(4, 3)","(2, 5)",20,No
Trial 12.90,0.85,0.5,0.96,"(5, 5)","(7, 1)",30,No
Trial 12.91,0.85,0.5,0.96,"(3, 6)","(3, 1)",25,No
Trial 12.92,0.85,0.5,0.96,"(3, 4)","(6, 1)",30,No
Trial 12.93,0.85,0.5,0.96,"(8, 6)","(1, 6)",35,Yes
Trial 12.94,0.85,0.5,0.96,"(1, 6)","(4, 5)",20,No
Trial 12.95,0.85,0.5,0.96,"(6, 1)","(3, 6)",40,No
Trial 12.96,0.85,0.5,0.96,"(2, 5)","(8, 3)",40,No
Trial 12.97,0.85,0.5,0.96,"(4, 3)","(2, 1)",20,No
Trial 12.98,0.85,0.5,0.96,"(5, 4)","(8, 5)",20,No
Trial 12.99,0.85,0.5,0.96,"(5, 6)","(7, 3)",25,No
Trial 13.0,0.85,0.5,0.97,"(4, 3)","(3, 6)",20,Yes
Trial 13.1,0.85,0.5,0.97,"(1, 6)","(5, 3)",35,No
Trial 13.2,0.85,0.5,0.97,"(1, 6)","(1, 2)",20,Yes
Trial 13.3,0.85,0.5,0.97,"(1, 2)","(4, 3)",20,Yes
Trial 13.4,0.85,0.5,0.97,"(8, 3)","(6, 5)",20,No
Trial 13.5,0.85,0.5,0.97,"(4, 5)","(1, 1)",35,Yes
Trial 13.6,0.85,0.5,0.97,"(1, 1)","(6, 2)",30,Yes
Trial 13.7,0.85,0.5,0.97,"(8, 6)","(1, 1)",60,Yes
Trial 13.8,0.85,0.5,0.97,"(2, 4)","(8, 5)",35,Yes
Trial 13.9,0.85,0.5,0.97,"(1, 1)","(1, 6)",25,Yes
Trial 13.10,0.85,0.5,0.97,"(8, 3)","(2, 2)",35,Yes
Trial 13.11,0.85,0.5,0.97,"(6, 4)","(8, 6)",20,Yes
Trial 13.12,0.85,0.5,0.97,"(4, 1)","(8, 3)",30,Yes
Trial 13.13,0.85,0.5,0.97,"(2, 3)","(6, 1)",30,No
Trial 13.14,0.85,0.5,0.97,"(2, 6)","(8, 5)",35,Yes
Trial 13.15,0.85,0.5,0.97,"(3, 5)","(7, 6)",25,No
Trial 13.16,0.85,0.5,0.97,"(3, 2)","(8, 1)",30,No
Trial 13.17,0.85,0.5,0.97,"(6, 3)","(3, 5)",25,No
Trial 13.18,0.85,0.5,0.97,"(7, 4)","(2, 6)",35,No
Trial 13.19,0.85,0.5,0.97,"(1, 2)","(8, 4)",45,Yes
Trial 13.20,0.85,0.5,0.97,"(7, 2)","(6, 5)",20,Yes
Trial 13.21,0.85,0.5,0.97,"(6, 2)","(5, 6)",25,No
Trial 13.22,0.85,0.5,0.97,"(4, 1)","(1, 4)",30,No
Trial 13.23,0.85,0.5,0.97,"(7, 6)","(1, 3)",45,Yes
Trial 13.24,0.85,0.5,0.97,"(8, 6)","(5, 1)",40,Yes
Trial 13.25,0.85,0.5,0.97,"(7, 2)","(5, 5)",25,No
Trial 13.26,0.85,0.5,0.97,"(8, 1)","(4, 4)",35,Yes
Trial 13.27,0.85,0.5,0.97,"(4, 1)","(5, 4)",20,Yes
Trial 13.28,0.85,0.5,0.97,"(8, 4)","(3, 3)",30,No
Trial 13.29,0.85,0.5,0.97,"(5, 5)","(7, 3)",20,No
Trial 13.30,0.85,0.5,0.97,"(2, 1)","(5, 5)",35,Yes
Trial 13.31,0.85,0.5,0.97,"(8, 4)","(3, 2)",35,Yes
Trial 13.32,0.85,0.5,0.97,"(7, 2)","(5, 4)",20,No
Trial 13.33,0.85,0.5,0.97,"(5, 5)","(7, 2)",25,No
Trial 13.34,0.85,0.5,0.97,"(1, 6)","(7, 6)",30,Yes
Trial 13.35,0.85,0.5,0.97,"(3, 1)","(8, 2)",30,Yes
Trial 13.36,0.85,0.5,0.97,"(6, 4)","(1, 6)",35,No
Trial 13.37,0.85,0.5,0.97,"(4, 2)","(7, 5)",30,Yes
Trial 13.38,0.85,0.5,0.97,"(8, 2)","(3, 2)",25,Yes
Trial 13.39,0.85,0.5,0.97,"(2, 4)","(3, 1)",20,No
Trial 13.40,0.85,0.5,0.97,"(2, 5)","(3, 1)",25,No
Trial 13.41,0.85,0.5,0.97,"(7, 6)","(8, 1)",30,No
Trial 13.42,0.85,0.5,0.97,"(2, 5)","(6, 3)",30,Yes
Trial 13.43,0.85,0.5,0.97,"(5, 1)","(3, 3)",20,Yes
Trial 13.44,0.85,0.5,0.97,"(5, 2)","(8, 6)",35,Yes
Trial 13.45,0.85,0.5,0.97,"(4, 2)","(3, 6)",25,No
Trial 13.46,0.85,0.5,0.97,"(8, 2)","(3, 5)",40,No
Trial 13.47,0.85,0.5,0.97,"(5, 5)","(8, 6)",20,Yes
Trial 13.48,0.85,0.5,0.97,"(2, 1)","(7, 2)",30,Yes
Trial 13.49,0.85,0.5,0.97,"(2, 4)","(7, 1)",40,No
Trial 13.50,0.85,0.5,0.97,"(1, 6)","(6, 1)",50,Yes
Trial 13.51,0.85,0.5,0.97,"(3, 3)","(6, 5)",25,Yes
Trial 13.52,0.85,0.5,0.97,"(7, 6)","(1, 4)",40,Yes
Trial 13.53,0.85,0.5,0.97,"(5, 1)","(2, 4)",30,No
Trial 13.54,0.85,0.5,0.97,"(1, 5)","(5, 6)",25,Yes
Trial 13.55,0.85,0.5,0.97,"(8, 3)","(3, 4)",30,Yes
Trial 13.56,0.85,0.5,0.97,"(1, 6)","(8, 6)",35,Yes
Trial 13.57,0.85,0.5,0.97,"(6, 1)","(8, 5)",30,Yes
Trial 13.58,0.85,0.5,0.97,"(4, 5)","(6, 3)",20,No
Trial 13.59,0.85,0.5,0.97,"(4, 6)","(7, 3)",30,No
Trial 13.60,0.85,0.5,0.97,"(2, 2)","(4, 5)",25,Yes
Trial 13.61,0.85,0.5,0.97,"(4, 6)","(8, 6)",20,Yes
Trial 13.62,0.85,0.5,0.97,"(8, 5)","(1, 1)",55,Yes
Trial 13.63,0.85,0.5,0.97,"(6, 6)","(7, 1)",30,No
Trial 13.64,0.85,0.5,0.97,"(8, 2)","(3, 4)",35,Yes
Trial 13.65,0.85,0.5,0.97,"(1, 5)","(6, 1)",45,No
Trial 13.66,0.85,0.5,0.97,"(5, 1)","(8, 2)",20,Yes
Trial 13.67,0.85,0.5,0.97,"(4, 1)","(8, 3)",30,Yes
Trial 13.68,0.85,0.5,0.97,"(4, 3)","(8, 6)",35,Yes
Trial 13.69,0.85,0.5,0.97,"(4, 3)","(7, 5)",25,Yes
Trial 13.70,0.85,0.5,0.97,"(8, 4)","(7, 1)",20,No
Trial 13.71,0.85,0.5,0.97,"(6, 5)","(2, 6)",25,Yes
Trial 13.72,0.85,0.5,0.97,"(5, 6)","(3, 3)",25,Yes
Trial 13.73,0.85,0.5,0.97,"(6, 3)","(3, 2)",20,Yes
Trial 13.74,0.85,0.5,0.97,"(2, 4)","(4, 6)",20,Yes
Trial 13.75,0.85,0.5,0.97,"(5, 1)","(4, 6)",30,No
Trial 13.76,0.85,0.5,0.97,"(3, 5)","(2, 1)",25,Yes
Trial 13.77,0.85,0.5,0.97,"(1, 5)","(3, 1)",30,Yes
Trial 13.78,0.85,0.5,0.97,"(1, 1)","(4, 4)",30,Yes
Trial 13.79,0.85,0.5,0.97,"(7, 5)","(1, 1)",50,Yes
Trial 13.80,0.85,0.5,0.97,"(7, 2)","(1, 3)",35,No
Trial 13.81,0.85,0.5,0.97,"(7, 4)","(3, 6)",30,No
Trial 13.82,0.85,0.5,0.97,"(6, 5)","(1, 5)",25,Yes
Trial 13.83,0.85,0.5,0.97,"(1, 1)","(6, 6)",50,Yes
Trial 13.84,0.85,0.5,0.97,"(7, 3)","(4, 5)",25,No
Trial 13.85,0.85,0.5,0.97,"(8, 1)","(6, 5)",30,No
Trial 13.86,0.85,0.5,0.97,"(4, 5)","(5, 1)",25,No
Trial 13.87,0.85,0.5,0.97,"(4, 1)","(6, 4)",25,Yes
Trial 13.88,0.85,0.5,0.97,"(1, 6)","(3, 1)",35,Yes
Trial 13.89,0.85,0.5,0.97,"(7, 5)","(3, 6)",25,Yes
Trial 13.90,0.85,0.5,0.97,"(5, 4)","(8, 5)",20,Yes
Trial 13.91,0.85,0.5,0.97,"(5, 3)","(1, 5)",30,No
Trial 13.92,0.85,0.5,0.97,"(1, 3)","(7, 1)",40,Yes
Trial 13.93,0.85,0.5,0.97,"(7, 2)","(5, 6)",30,No
Trial 13.94,0.85,0.5,0.97,"(8, 2)","(3, 2)",25,Yes
Trial 13.95,0.85,0.5,0.97,"(5, 1)","(8, 6)",40,Yes
Trial 13.96,0.85,0.5,0.97,"(4, 4)","(1, 3)",20,Yes
Trial 13.97,0.85,0.5,0.97,"(3, 2)","(7, 1)",25,Yes
Trial 13.98,0.85,0.5,0.97,"(6, 3)","(1, 2)",30,Yes
Trial 13.99,0.85,0.5,0.97,"(7, 3)","(8, 6)",20,Yes
Trial 14.0,0.85,0.5,0.98,"(6, 2)","(1, 6)",45,No
Trial 14.1,0.85,0.5,0.98,"(7, 5)","(1, 4)",35,No
Trial 14.2,0.85,0.5,0.98,"(6, 1)","(3, 2)",20,No
Trial 14.3,0.85,0.5,0.98,"(6, 2)","(4, 5)",25,No
Trial 14.4,0.85,0.5,0.98,"(6, 4)","(3, 5)",20,No
Trial 14.5,0.85,0.5,0.98,"(8, 2)","(1, 4)",45,No
Trial 14.6,0.85,0.5,0.98,"(3, 5)","(6, 1)",35,No
Trial 14.7,0.85,0.5,0.98,"(6, 2)","(2, 2)",20,No
Trial 14.8,0.85,0.5,0.98,"(1, 2)","(4, 1)",20,No
Trial 14.9,0.85,0.5,0.98,"(3, 2)","(7, 2)",20,No
Trial 14.10,0.85,0.5,0.98,"(1, 5)","(8, 4)",40,No
Trial 14.11,0.85,0.5,0.98,"(8, 3)","(3, 6)",40,No
Trial 14.12,0.85,0.5,0.98,"(4, 6)","(8, 2)",40,No
Trial 14.13,0.85,0.5,0.98,"(1, 3)","(7, 1)",40,No
Trial 14.14,0.85,0.5,0.98,"(5, 2)","(6, 6)",25,No
Trial 14.15,0.85,0.5,0.98,"(8, 1)","(1, 4)",50,No
Trial 14.16,0.85,0.5,0.98,"(8, 1)","(3, 3)",35,No
Trial 14.17,0.85,0.5,0.98,"(6, 2)","(1, 3)",30,No
Trial 14.18,0.85,0.5,0.98,"(7, 1)","(3, 2)",25,No
Trial 14.19,0.85,0.5,0.98,"(3, 6)","(8, 3)",40,No
Trial 14.20,0.85,0.5,0.98,"(6, 5)","(4, 3)",20,No
Trial 14.21,0.85,0.5,0.98,"(2, 4)","(5, 1)",30,No
Trial 14.22,0.85,0.5,0.98,"(6, 1)","(4, 4)",25,No
Trial 14.23,0.85,0.5,0.98,"(6, 1)","(4, 4)",25,No
Trial 14.24,0.85,0.5,0.98,"(5, 1)","(7, 5)",30,No
Trial 14.25,0.85,0.5,0.98,"(6, 3)","(1, 4)",30,No
Trial 14.26,0.85,0.5,0.98,"(4, 6)","(2, 4)",20,No
Trial 14.27,0.85,0.5,0.98,"(6, 5)","(2, 2)",35,No
Trial 14.28,0.85,0.5,0.98,"(4, 5)","(7, 3)",25,No
Trial 14.29,0.85,0.5,0.98,"(1, 6)","(8, 3)",50,No
Trial 14.30,0.85,0.5,0.98,"(2, 6)","(1, 3)",20,No
Trial 14.31,0.85,0.5,0.98,"(6, 4)","(8, 6)",20,No
Trial 14.32,0.85,0.5,0.98,"(2, 6)","(6, 6)",20,No
Trial 14.33,0.85,0.5,0.98,"(8, 2)","(7, 5)",20,No
Trial 14.34,0.85,0.5,0.98,"(3, 4)","(1, 2)",20,No
Trial 14.35,0.85,0.5,0.98,"(8, 1)","(8, 6)",25,Yes
Trial 14.36,0.85,0.5,0.98,"(5, 2)","(3, 5)",25,No
Trial 14.37,0.85,0.5,0.98,"(8, 2)","(3, 6)",45,No
Trial 14.38,0.85,0.5,0.98,"(6, 5)","(2, 4)",25,No
Trial 14.39,0.85,0.5,0.98,"(5, 3)","(1, 5)",30,No
Trial 14.40,0.85,0.5,0.98,"(2, 3)","(4, 1)",20,No
Trial 14.41,0.85,0.5,0.98,"(5, 5)","(1, 4)",25,No
Trial 14.42,0.85,0.5,0.98,"(3, 3)","(7, 4)",25,No
Trial 14.43,0.85,0.5,0.98,"(2, 2)","(8, 6)",50,No
Trial 14.44,0.85,0.5,0.98,"(7, 4)","(3, 3)",25,No
Trial 14.45,0.85,0.5,0.98,"(1, 4)","(6, 3)",30,No
Trial 14.46,0.85,0.5,0.98,"(3, 3)","(7, 1)",30,No
Trial 14.47,0.85,0.5,0.98,"(4, 1)","(2, 3)",20,No
Trial 14.48,0.85,0.5,0.98,"(3, 6)","(2, 3)",20,Yes
Trial 14.49,0.85,0.5,0.98,"(2, 6)","(6, 3)",35,No
Trial 14.50,0.85,0.5,0.98,"(5, 1)","(5, 5)",20,No
Trial 14.51,0.85,0.5,0.98,"(3, 2)","(6, 6)",35,No
Trial 14.52,0.85,0.5,0.98,"(1, 6)","(8, 2)",55,No
Trial 14.53,0.85,0.5,0.98,"(3, 1)","(8, 2)",30,No
Trial 14.54,0.85,0.5,0.98,"(8, 2)","(6, 6)",30,No
Trial 14.55,0.85,0.5,0.98,"(3, 6)","(8, 5)",30,No
Trial 14.56,0.85,0.5,0.98,"(4, 6)","(2, 2)",30,No
Trial 14.57,0.85,0.5,0.98,"(8, 2)","(3, 1)",30,No
Trial 14.58,0.85,0.5,0.98,"(5, 4)","(1, 5)",25,No
Trial 14.59,0.85,0.5,0.98,"(5, 6)","(5, 2)",20,No
Trial 14.60,0.85,0.5,0.98,"(3, 5)","(8, 3)",35,No
Trial 14.61,0.85,0.5,0.98,"(7, 1)","(3, 1)",20,No
Trial 14.62,0.85,0.5,0.98,"(8, 6)","(4, 1)",45,No
Trial 14.63,0.85,0.5,0.98,"(1, 5)","(8, 6)",40,No
Trial 14.64,0.85,0.5,0.98,"(4, 4)","(8, 2)",30,No
Trial 14.65,0.85,0.5,0.98,"(8, 1)","(4, 4)",35,No
Trial 14.66,0.85,0.5,0.98,"(2, 6)","(5, 5)",20,No
Trial 14.67,0.85,0.5,0.98,"(2, 5)","(1, 1)",25,No
Trial 14.68,0.85,0.5,0.98,"(3, 5)","(1, 3)",20,No
Trial 14.69,0.85,0.5,0.98,"(5, 5)","(2, 1)",35,No
Trial 14.70,0.85,0.5,0.98,"(6, 1)","(3, 2)",20,No
Trial 14.71,0.85,0.5,0.98,"(1, 3)","(5, 4)",25,No
Trial 14.72,0.85,0.5,0.98,"(6, 2)","(1, 3)",30,No
Trial 14.73,0.85,0.5,0.98,"(4, 1)","(1, 2)",20,No
Trial 14.74,0.85,0.5,0.98,"(1, 5)","(7, 3)",40,No
Trial 14.75,0.85,0.5,0.98,"(4, 6)","(6, 1)",35,No
Trial 14.76,0.85,0.5,0.98,"(2, 2)","(7, 5)",40,No
Trial 14.77,0.85,0.5,0.98,"(7, 5)","(3, 2)",35,No
Trial 14.78,0.85,0.5,0.98,"(5, 6)","(3, 4)",20,No
Trial 14.79,0.85,0.5,0.98,"(2, 4)","(6, 2)",30,No
Trial 14.80,0.85,0.5,0.98,"(8, 1)","(6, 6)",35,No
Trial 14.81,0.85,0.5,0.98,"(7, 1)","(2, 3)",35,No
Trial 14.82,0.85,0.5,0.98,"(8, 4)","(6, 1)",25,No
Trial 14.83,0.85,0.5,0.98,"(6, 4)","(8, 2)",20,No
Trial 14.84,0.85,0.5,0.98,"(6, 6)","(2, 1)",45,No
Trial 14.85,0.85,0.5,0.98,"(7, 6)","(5, 1)",35,No
Trial 14.86,0.85,0.5,0.98,"(1, 3)","(7, 1)",40,No
Trial 14.87,0.85,0.5,0.98,"(7, 1)","(4, 4)",30,No
Trial 14.88,0.85,0.5,0.98,"(3, 3)","(8, 3)",25,No
Trial 14.89,0.85,0.5,0.98,"(6, 3)","(1, 4)",30,No
Trial 14.90,0.85,0.5,0.98,"(5, 2)","(2, 5)",30,No
Trial 14.91,0.85,0.5,0.98,"(5, 5)","(7, 2)",25,No
Trial 14.92,0.85,0.5,0.98,"(7, 2)","(2, 5)",40,No
Trial 14.93,0.85,0.5,0.98,"(5, 1)","(8, 5)",35,No
Trial 14.94,0.85,0.5,0.98,"(3, 5)","(8, 1)",45,No
Trial 14.95,0.85,0.5,0.98,"(6, 5)","(1, 5)",25,No
Trial 14.96,0.85,0.5,0.98,"(8, 5)","(1, 5)",35,No
Trial 14.97,0.85,0.5,0.98,"(2, 1)","(8, 6)",55,No
Trial 14.98,0.85,0.5,0.98,"(8, 5)","(7, 1)",25,No
Trial 14.99,0.85,0.5,0.98,"(7, 1)","(3, 6)",45,No
Trial 15.0,0.85,0.5,0.99,"(6, 1)","(3, 2)",20,Yes
Trial 15.1,0.85,0.5,0.99,"(7, 2)","(3, 2)",20,No
Trial 15.2,0.85,0.5,0.99,"(8, 2)","(1, 4)",45,Yes
Trial 15.3,0.85,0.5,0.99,"(8, 4)","(4, 3)",25,No
Trial 15.4,0.85,0.5,0.99,"(4, 4)","(2, 6)",20,Yes
Trial 15.5,0.85,0.5,0.99,"(6, 6)","(4, 1)",35,Yes
Trial 15.6,0.85,0.5,0.99,"(8, 6)","(2, 3)",45,Yes
Trial 15.7,0.85,0.5,0.99,"(7, 6)","(1, 6)",30,Yes
Trial 15.8,0.85,0.5,0.99,"(5, 4)","(3, 2)",20,Yes
Trial 15.9,0.85,0.5,0.99,"(7, 2)","(5, 4)",20,Yes
Trial 15.10,0.85,0.5,0.99,"(7, 2)","(3, 4)",30,Yes
Trial 15.11,0.85,0.5,0.99,"(4, 5)","(7, 6)",20,Yes
Trial 15.12,0.85,0.5,0.99,"(1, 3)","(7, 1)",40,Yes
Trial 15.13,0.85,0.5,0.99,"(6, 3)","(4, 1)",20,No
Trial 15.14,0.85,0.5,0.99,"(8, 5)","(3, 1)",45,Yes
Trial 15.15,0.85,0.5,0.99,"(8, 4)","(2, 4)",30,Yes
Trial 15.16,0.85,0.5,0.99,"(2, 3)","(6, 2)",25,Yes
Trial 15.17,0.85,0.5,0.99,"(4, 5)","(2, 1)",30,Yes
Trial 15.18,0.85,0.5,0.99,"(8, 5)","(4, 4)",25,Yes
Trial 15.19,0.85,0.5,0.99,"(6, 5)","(1, 3)",35,Yes
Trial 15.20,0.85,0.5,0.99,"(2, 3)","(7, 1)",35,Yes
Trial 15.21,0.85,0.5,0.99,"(1, 2)","(5, 5)",35,Yes
Trial 15.22,0.85,0.5,0.99,"(5, 1)","(4, 5)",25,Yes
Trial 15.23,0.85,0.5,0.99,"(2, 1)","(7, 6)",50,Yes
Trial 15.24,0.85,0.5,0.99,"(3, 5)","(4, 1)",25,Yes
Trial 15.25,0.85,0.5,0.99,"(8, 5)","(2, 2)",45,Yes
Trial 15.26,0.85,0.5,0.99,"(5, 6)","(4, 2)",25,Yes
Trial 15.27,0.85,0.5,0.99,"(7, 4)","(2, 5)",30,Yes
Trial 15.28,0.85,0.5,0.99,"(5, 1)","(3, 6)",35,Yes
Trial 15.29,0.85,0.5,0.99,"(3, 6)","(1, 2)",30,Yes
Trial 15.30,0.85,0.5,0.99,"(5, 5)","(1, 2)",35,Yes
Trial 15.31,0.85,0.5,0.99,"(7, 5)","(6, 1)",25,Yes
Trial 15.32,0.85,0.5,0.99,"(7, 5)","(5, 1)",30,Yes
Trial 15.33,0.85,0.5,0.99,"(2, 4)","(8, 5)",35,Yes
Trial 15.34,0.85,0.5,0.99,"(3, 4)","(8, 1)",40,Yes
Trial 15.35,0.85,0.5,0.99,"(3, 4)","(7, 6)",30,Yes
Trial 15.36,0.85,0.5,0.99,"(7, 2)","(1, 5)",45,Yes
Trial 15.37,0.85,0.5,0.99,"(7, 4)","(2, 2)",35,Yes
Trial 15.38,0.85,0.5,0.99,"(1, 6)","(3, 3)",25,Yes
Trial 15.39,0.85,0.5,0.99,"(3, 2)","(1, 4)",20,Yes
Trial 15.40,0.85,0.5,0.99,"(4, 1)","(2, 4)",25,Yes
Trial 15.41,0.85,0.5,0.99,"(2, 1)","(8, 4)",45,Yes
Trial 15.42,0.85,0.5,0.99,"(5, 6)","(8, 2)",35,Yes
Trial 15.43,0.85,0.5,0.99,"(6, 2)","(3, 4)",25,Yes
Trial 15.44,0.85,0.5,0.99,"(1, 3)","(6, 5)",35,Yes
Trial 15.45,0.85,0.5,0.99,"(1, 4)","(4, 5)",20,Yes
Trial 15.46,0.85,0.5,0.99,"(8, 6)","(7, 1)",30,Yes
Trial 15.47,0.85,0.5,0.99,"(6, 6)","(1, 3)",40,Yes
Trial 15.48,0.85,0.5,0.99,"(8, 3)","(3, 6)",40,Yes
Trial 15.49,0.85,0.5,0.99,"(6, 3)","(2, 5)",30,Yes
Trial 15.50,0.85,0.5,0.99,"(5, 3)","(1, 5)",30,Yes
Trial 15.51,0.85,0.5,0.99,"(7, 1)","(8, 6)",30,Yes
Trial 15.52,0.85,0.5,0.99,"(1, 3)","(8, 6)",50,Yes
Trial 15.53,0.85,0.5,0.99,"(8, 6)","(6, 2)",30,Yes
Trial 15.54,0.85,0.5,0.99,"(5, 5)","(5, 1)",20,Yes
Trial 15.55,0.85,0.5,0.99,"(7, 6)","(5, 1)",35,Yes
Trial 15.56,0.85,0.5,0.99,"(5, 1)","(6, 5)",25,Yes
Trial 15.57,0.85,0.5,0.99,"(3, 2)","(2, 6)",25,Yes
Trial 15.58,0.85,0.5,0.99,"(1, 5)","(5, 5)",20,Yes
Trial 15.59,0.85,0.5,0.99,"(3, 3)","(1, 5)",20,Yes
Trial 15.60,0.85,0.5,0.99,"(2, 1)","(7, 2)",30,Yes
Trial 15.61,0.85,0.5,0.99,"(4, 1)","(7, 4)",30,Yes
Trial 15.62,0.85,0.5,0.99,"(8, 5)","(2, 2)",45,Yes
Trial 15.63,0.85,0.5,0.99,"(6, 5)","(5, 1)",25,Yes
Trial 15.64,0.85,0.5,0.99,"(3, 5)","(7, 4)",25,Yes
Trial 15.65,0.85,0.5,0.99,"(4, 2)","(5, 6)",25,Yes
Trial 15.66,0.85,0.5,0.99,"(2, 1)","(3, 6)",30,Yes
Trial 15.67,0.85,0.5,0.99,"(8, 3)","(2, 6)",45,Yes
Trial 15.68,0.85,0.5,0.99,"(7, 5)","(1, 2)",45,Yes
Trial 15.69,0.85,0.5,0.99,"(1, 2)","(7, 1)",35,Yes
Trial 15.70,0.85,0.5,0.99,"(4, 1)","(2, 4)",25,Yes
Trial 15.71,0.85,0.5,0.99,"(8, 2)","(3, 2)",25,Yes
Trial 15.72,0.85,0.5,0.99,"(4, 5)","(1, 2)",30,Yes
Trial 15.73,0.85,0.5,0.99,"(4, 1)","(1, 4)",30,Yes
Trial 15.74,0.85,0.5,0.99,"(4, 5)","(1, 1)",35,Yes
Trial 15.75,0.85,0.5,0.99,"(6, 6)","(4, 2)",30,Yes
Trial 15.76,0.85,0.5,0.99,"(3, 1)","(6, 2)",20,Yes
Trial 15.77,0.85,0.5,0.99,"(1, 2)","(8, 1)",40,Yes
Trial 15.78,0.85,0.5,0.99,"(8, 4)","(6, 6)",20,Yes
Trial 15.79,0.85,0.5,0.99,"(6, 1)","(3, 5)",35,Yes
Trial 15.80,0.85,0.5,0.99,"(3, 5)","(3, 1)",20,Yes
Trial 15.81,0.85,0.5,0.99,"(4, 2)","(8, 6)",40,Yes
Trial 15.82,0.85,0.5,0.99,"(3, 4)","(8, 6)",35,Yes
Trial 15.83,0.85,0.5,0.99,"(4, 6)","(7, 5)",20,Yes
Trial 15.84,0.85,0.5,0.99,"(3, 1)","(8, 2)",30,Yes
Trial 15.85,0.85,0.5,0.99,"(6, 6)","(1, 6)",25,Yes
Trial 15.86,0.85,0.5,0.99,"(2, 3)","(1, 6)",20,Yes
Trial 15.87,0.85,0.5,0.99,"(4, 2)","(7, 1)",20,Yes
Trial 15.88,0.85,0.5,0.99,"(5, 2)","(8, 6)",35,Yes
Trial 15.89,0.85,0.5,0.99,"(3, 3)","(7, 4)",25,Yes
Trial 15.90,0.85,0.5,0.99,"(5, 2)","(7, 6)",30,Yes
Trial 15.91,0.85,0.5,0.99,"(4, 6)","(1, 5)",20,Yes
Trial 15.92,0.85,0.5,0.99,"(4, 1)","(7, 3)",25,Yes
Trial 15.93,0.85,0.5,0.99,"(8, 5)","(3, 6)",30,Yes
Trial 15.94,0.85,0.5,0.99,"(5, 6)","(4, 2)",25,Yes
Trial 15.95,0.85,0.5,0.99,"(5, 5)","(6, 2)",20,Yes
Trial 15.96,0.85,0.5,0.99,"(4, 5)","(7, 6)",20,Yes
Trial 15.97,0.85,0.5,0.99,"(7, 1)","(1, 1)",30,Yes
Trial 15.98,0.85,0.5,0.99,"(3, 3)","(5, 1)",20,Yes
Trial 15.99,0.85,0.5,0.99,"(2, 2)","(7, 5)",40,Yes
Trial 16.0,0.85,0.55,0.95,"(2, 2)","(6, 2)",20,No
Trial 16.1,0.85,0.55,0.95,"(3, 6)","(5, 1)",35,Yes
Trial 16.2,0.85,0.55,0.95,"(3, 2)","(5, 4)",20,Yes
Trial 16.3,0.85,0.55,0.95,"(2, 3)","(3, 6)",20,Yes
Trial 16.4,0.85,0.55,0.95,"(1, 1)","(4, 4)",30,Yes
Trial 16.5,0.85,0.55,0.95,"(4, 1)","(2, 5)",30,No
Trial 16.6,0.85,0.55,0.95,"(1, 5)","(3, 1)",30,Yes
Trial 16.7,0.85,0.55,0.95,"(4, 4)","(8, 2)",30,No
Trial 16.8,0.85,0.55,0.95,"(3, 6)","(7, 2)",40,No
Trial 16.9,0.85,0.55,0.95,"(8, 2)","(3, 1)",30,Yes
Trial 16.10,0.85,0.55,0.95,"(6, 1)","(5, 4)",20,Yes
Trial 16.11,0.85,0.55,0.95,"(8, 3)","(1, 3)",35,Yes
Trial 16.12,0.85,0.55,0.95,"(4, 3)","(1, 2)",20,No
Trial 16.13,0.85,0.55,0.95,"(8, 6)","(2, 3)",45,No
Trial 16.14,0.85,0.55,0.95,"(2, 1)","(6, 6)",45,No
Trial 16.15,0.85,0.55,0.95,"(3, 2)","(4, 5)",20,Yes
Trial 16.16,0.85,0.55,0.95,"(2, 2)","(5, 3)",20,Yes
Trial 16.17,0.85,0.55,0.95,"(8, 6)","(1, 2)",55,No
Trial 16.18,0.85,0.55,0.95,"(6, 6)","(4, 4)",20,No
Trial 16.19,0.85,0.55,0.95,"(6, 1)","(8, 5)",30,Yes
Trial 16.20,0.85,0.55,0.95,"(6, 5)","(3, 3)",25,Yes
Trial 16.21,0.85,0.55,0.95,"(6, 3)","(3, 5)",25,Yes
Trial 16.22,0.85,0.55,0.95,"(6, 3)","(1, 5)",35,No
Trial 16.23,0.85,0.55,0.95,"(1, 3)","(6, 1)",35,Yes
Trial 16.24,0.85,0.55,0.95,"(3, 6)","(6, 4)",25,Yes
Trial 16.25,0.85,0.55,0.95,"(4, 4)","(8, 5)",25,Yes
Trial 16.26,0.85,0.55,0.95,"(7, 4)","(2, 3)",30,Yes
Trial 16.27,0.85,0.55,0.95,"(8, 6)","(1, 3)",50,No
Trial 16.28,0.85,0.55,0.95,"(4, 1)","(5, 4)",20,No
Trial 16.29,0.85,0.55,0.95,"(2, 4)","(8, 3)",35,No
Trial 16.30,0.85,0.55,0.95,"(6, 6)","(2, 1)",45,Yes
Trial 16.31,0.85,0.55,0.95,"(6, 5)","(2, 2)",35,No
Trial 16.32,0.85,0.55,0.95,"(5, 2)","(1, 6)",40,No
Trial 16.33,0.85,0.55,0.95,"(2, 3)","(6, 4)",25,No
Trial 16.34,0.85,0.55,0.95,"(5, 1)","(6, 4)",20,Yes
Trial 16.35,0.85,0.55,0.95,"(3, 6)","(4, 2)",25,Yes
Trial 16.36,0.85,0.55,0.95,"(6, 1)","(2, 1)",20,Yes
Trial 16.37,0.85,0.55,0.95,"(4, 6)","(8, 5)",25,Yes
Trial 16.38,0.85,0.55,0.95,"(8, 3)","(3, 4)",30,Yes
Trial 16.39,0.85,0.55,0.95,"(4, 1)","(2, 5)",30,No
Trial 16.40,0.85,0.55,0.95,"(7, 5)","(2, 4)",30,Yes
Trial 16.41,0.85,0.55,0.95,"(7, 6)","(1, 4)",40,Yes
Trial 16.42,0.85,0.55,0.95,"(6, 1)","(1, 6)",50,No
Trial 16.43,0.85,0.55,0.95,"(1, 3)","(7, 5)",40,Yes
Trial 16.44,0.85,0.55,0.95,"(3, 5)","(6, 3)",25,Yes
Trial 16.45,0.85,0.55,0.95,"(5, 6)","(4, 1)",30,Yes
Trial 16.46,0.85,0.55,0.95,"(5, 2)","(8, 5)",30,Yes
Trial 16.47,0.85,0.55,0.95,"(7, 3)","(2, 5)",35,Yes
Trial 16.48,0.85,0.55,0.95,"(5, 4)","(3, 1)",25,No
Trial 16.49,0.85,0.55,0.95,"(3, 6)","(2, 1)",30,Yes
Trial 16.50,0.85,0.55,0.95,"(7, 1)","(8, 6)",30,Yes
Trial 16.51,0.85,0.55,0.95,"(8, 3)","(1, 4)",40,No
Trial 16.52,0.85,0.55,0.95,"(7, 1)","(2, 2)",30,No
Trial 16.53,0.85,0.55,0.95,"(8, 3)","(2, 5)",40,Yes
Trial 16.54,0.85,0.55,0.95,"(8, 5)","(2, 6)",35,No
Trial 16.55,0.85,0.55,0.95,"(2, 5)","(7, 6)",30,Yes
Trial 16.56,0.85,0.55,0.95,"(7, 4)","(1, 1)",45,Yes
Trial 16.57,0.85,0.55,0.95,"(3, 5)","(5, 1)",30,Yes
Trial 16.58,0.85,0.55,0.95,"(2, 4)","(7, 1)",40,Yes
Trial 16.59,0.85,0.55,0.95,"(2, 4)","(5, 6)",25,No
Trial 16.60,0.85,0.55,0.95,"(5, 5)","(3, 3)",20,Yes
Trial 16.61,0.85,0.55,0.95,"(8, 5)","(7, 1)",25,Yes
Trial 16.62,0.85,0.55,0.95,"(7, 1)","(6, 4)",20,No
Trial 16.63,0.85,0.55,0.95,"(5, 6)","(7, 2)",30,No
Trial 16.64,0.85,0.55,0.95,"(1, 3)","(6, 6)",40,Yes
Trial 16.65,0.85,0.55,0.95,"(2, 3)","(6, 2)",25,Yes
Trial 16.66,0.85,0.55,0.95,"(2, 2)","(4, 5)",25,No
Trial 16.67,0.85,0.55,0.95,"(1, 2)","(8, 6)",55,Yes
Trial 16.68,0.85,0.55,0.95,"(3, 5)","(7, 4)",25,Yes
Trial 16.69,0.85,0.55,0.95,"(7, 3)","(2, 3)",25,Yes
Trial 16.70,0.85,0.55,0.95,"(2, 5)","(6, 6)",25,Yes
Trial 16.71,0.85,0.55,0.95,"(8, 2)","(6, 4)",20,Yes
Trial 16.72,0.85,0.55,0.95,"(4, 2)","(3, 5)",20,Yes
Trial 16.73,0.85,0.55,0.95,"(7, 6)","(7, 1)",25,Yes
Trial 16.74,0.85,0.55,0.95,"(3, 4)","(5, 2)",20,Yes
Trial 16.75,0.85,0.55,0.95,"(6, 4)","(1, 1)",40,Yes
Trial 16.76,0.85,0.55,0.95,"(2, 1)","(4, 5)",30,Yes
Trial 16.77,0.85,0.55,0.95,"(7, 2)","(4, 3)",20,Yes
Trial 16.78,0.85,0.55,0.95,"(8, 5)","(1, 3)",45,No
Trial 16.79,0.85,0.55,0.95,"(6, 6)","(4, 4)",20,No
Trial 16.80,0.85,0.55,0.95,"(1, 5)","(7, 5)",30,Yes
Trial 16.81,0.85,0.55,0.95,"(4, 4)","(7, 6)",25,Yes
Trial 16.82,0.85,0.55,0.95,"(6, 3)","(8, 6)",25,No
Trial 16.83,0.85,0.55,0.95,"(1, 4)","(8, 5)",40,No
Trial 16.84,0.85,0.55,0.95,"(3, 4)","(5, 6)",20,Yes
Trial 16.85,0.85,0.55,0.95,"(2, 2)","(8, 3)",35,Yes
Trial 16.86,0.85,0.55,0.95,"(8, 3)","(3, 5)",35,No
Trial 16.87,0.85,0.55,0.95,"(4, 2)","(7, 5)",30,Yes
Trial 16.88,0.85,0.55,0.95,"(2, 4)","(4, 6)",20,Yes
Trial 16.89,0.85,0.55,0.95,"(1, 4)","(5, 4)",20,Yes
Trial 16.90,0.85,0.55,0.95,"(3, 5)","(8, 6)",30,Yes
Trial 16.91,0.85,0.55,0.95,"(3, 1)","(5, 6)",35,Yes
Trial 16.92,0.85,0.55,0.95,"(3, 4)","(6, 3)",20,Yes
Trial 16.93,0.85,0.55,0.95,"(7, 1)","(4, 5)",35,No
Trial 16.94,0.85,0.55,0.95,"(7, 2)","(3, 4)",30,Yes
Trial 16.95,0.85,0.55,0.95,"(1, 1)","(2, 5)",25,Yes
Trial 16.96,0.85,0.55,0.95,"(6, 4)","(4, 2)",20,Yes
Trial 16.97,0.85,0.55,0.95,"(8, 2)","(5, 3)",20,Yes
Trial 16.98,0.85,0.55,0.95,"(1, 4)","(5, 4)",20,No
Trial 16.99,0.85,0.55,0.95,"(7, 2)","(6, 5)",20,Yes
Trial 17.0,0.85,0.55,0.96,"(6, 5)","(3, 1)",35,No
Trial 17.1,0.85,0.55,0.96,"(6, 5)","(3, 1)",35,Yes
Trial 17.2,0.85,0.55,0.96,"(2, 2)","(7, 4)",35,No
Trial 17.3,0.85,0.55,0.96,"(6, 2)","(2, 5)",35,Yes
Trial 17.4,0.85,0.55,0.96,"(7, 3)","(3, 3)",20,No
Trial 17.5,0.85,0.55,0.96,"(6, 3)","(2, 3)",20,No
Trial 17.6,0.85,0.55,0.96,"(7, 3)","(3, 3)",20,No
Trial 17.7,0.85,0.55,0.96,"(8, 3)","(2, 2)",35,No
Trial 17.8,0.85,0.55,0.96,"(3, 4)","(8, 1)",40,Yes
Trial 17.9,0.85,0.55,0.96,"(8, 4)","(3, 6)",35,Yes
Trial 17.10,0.85,0.55,0.96,"(8, 3)","(3, 3)",25,No
Trial 17.11,0.85,0.55,0.96,"(5, 6)","(7, 1)",35,Yes
Trial 17.12,0.85,0.55,0.96,"(8, 3)","(6, 5)",20,Yes
Trial 17.13,0.85,0.55,0.96,"(8, 1)","(5, 6)",40,Yes
Trial 17.14,0.85,0.55,0.96,"(7, 1)","(7, 6)",25,Yes
Trial 17.15,0.85,0.55,0.96,"(1, 1)","(8, 5)",55,Yes
Trial 17.16,0.85,0.55,0.96,"(2, 1)","(7, 6)",50,Yes
Trial 17.17,0.85,0.55,0.96,"(1, 3)","(7, 5)",40,No
Trial 17.18,0.85,0.55,0.96,"(2, 2)","(8, 3)",35,Yes
Trial 17.19,0.85,0.55,0.96,"(8, 2)","(4, 4)",30,Yes
Trial 17.20,0.85,0.55,0.96,"(3, 1)","(6, 2)",20,No
Trial 17.21,0.85,0.55,0.96,"(8, 5)","(3, 1)",45,Yes
Trial 17.22,0.85,0.55,0.96,"(6, 3)","(3, 1)",25,Yes
Trial 17.23,0.85,0.55,0.96,"(1, 5)","(8, 4)",40,No
Trial 17.24,0.85,0.55,0.96,"(7, 5)","(2, 4)",30,No
Trial 17.25,0.85,0.55,0.96,"(6, 4)","(5, 1)",20,No
Trial 17.26,0.85,0.55,0.96,"(1, 2)","(7, 6)",50,Yes
Trial 17.27,0.85,0.55,0.96,"(2, 6)","(7, 5)",30,No
Trial 17.28,0.85,0.55,0.96,"(4, 1)","(2, 6)",35,Yes
Trial 17.29,0.85,0.55,0.96,"(3, 3)","(1, 6)",25,No
Trial 17.30,0.85,0.55,0.96,"(8, 1)","(5, 2)",20,No
Trial 17.31,0.85,0.55,0.96,"(5, 4)","(2, 3)",20,No
Trial 17.32,0.85,0.55,0.96,"(6, 3)","(3, 1)",25,Yes
Trial 17.33,0.85,0.55,0.96,"(6, 2)","(3, 6)",35,Yes
Trial 17.34,0.85,0.55,0.96,"(6, 6)","(3, 5)",20,Yes
Trial 17.35,0.85,0.55,0.96,"(3, 6)","(6, 4)",25,Yes
Trial 17.36,0.85,0.55,0.96,"(7, 1)","(8, 4)",20,No
Trial 17.37,0.85,0.55,0.96,"(5, 6)","(1, 4)",30,Yes
Trial 17.38,0.85,0.55,0.96,"(1, 4)","(5, 4)",20,No
Trial 17.39,0.85,0.55,0.96,"(8, 5)","(1, 6)",40,Yes
Trial 17.40,0.85,0.55,0.96,"(8, 6)","(5, 3)",30,Yes
Trial 17.41,0.85,0.55,0.96,"(1, 4)","(3, 1)",25,No
Trial 17.42,0.85,0.55,0.96,"(8, 6)","(6, 2)",30,Yes
Trial 17.43,0.85,0.55,0.96,"(2, 6)","(5, 3)",30,Yes
Trial 17.44,0.85,0.55,0.96,"(7, 6)","(1, 4)",40,Yes
Trial 17.45,0.85,0.55,0.96,"(2, 2)","(6, 3)",25,No
Trial 17.46,0.85,0.55,0.96,"(4, 2)","(7, 5)",30,No
Trial 17.47,0.85,0.55,0.96,"(6, 4)","(4, 2)",20,Yes
Trial 17.48,0.85,0.55,0.96,"(2, 6)","(7, 3)",40,Yes
Trial 17.49,0.85,0.55,0.96,"(8, 6)","(3, 5)",30,No
Trial 17.50,0.85,0.55,0.96,"(8, 6)","(1, 4)",45,No
Trial 17.51,0.85,0.55,0.96,"(8, 6)","(4, 5)",25,Yes
Trial 17.52,0.85,0.55,0.96,"(6, 2)","(3, 1)",20,No
Trial 17.53,0.85,0.55,0.96,"(7, 2)","(3, 3)",25,No
Trial 17.54,0.85,0.55,0.96,"(1, 3)","(6, 4)",30,No
Trial 17.55,0.85,0.55,0.96,"(5, 1)","(7, 6)",35,Yes
Trial 17.56,0.85,0.55,0.96,"(1, 5)","(5, 2)",35,Yes
Trial 17.57,0.85,0.55,0.96,"(7, 1)","(1, 2)",35,Yes
Trial 17.58,0.85,0.55,0.96,"(7, 6)","(1, 6)",30,No
Trial 17.59,0.85,0.55,0.96,"(2, 1)","(5, 3)",25,Yes
Trial 17.60,0.85,0.55,0.96,"(3, 3)","(8, 6)",40,No
Trial 17.61,0.85,0.55,0.96,"(5, 1)","(6, 4)",20,Yes
Trial 17.62,0.85,0.55,0.96,"(6, 1)","(1, 5)",45,No
Trial 17.63,0.85,0.55,0.96,"(8, 2)","(6, 5)",25,No
Trial 17.64,0.85,0.55,0.96,"(2, 6)","(5, 3)",30,Yes
Trial 17.65,0.85,0.55,0.96,"(3, 1)","(6, 5)",35,Yes
Trial 17.66,0.85,0.55,0.96,"(7, 3)","(4, 2)",20,Yes
Trial 17.67,0.85,0.55,0.96,"(5, 6)","(4, 1)",30,No
Trial 17.68,0.85,0.55,0.96,"(1, 4)","(5, 3)",25,Yes
Trial 17.69,0.85,0.55,0.96,"(5, 2)","(6, 6)",25,No
Trial 17.70,0.85,0.55,0.96,"(5, 4)","(8, 1)",30,Yes
Trial 17.71,0.85,0.55,0.96,"(7, 5)","(2, 3)",35,No
Trial 17.72,0.85,0.55,0.96,"(3, 1)","(3, 5)",20,No
Trial 17.73,0.85,0.55,0.96,"(3, 4)","(7, 5)",25,No
Trial 17.74,0.85,0.55,0.96,"(5, 1)","(4, 6)",30,Yes
Trial 17.75,0.85,0.55,0.96,"(1, 1)","(5, 4)",35,Yes
Trial 17.76,0.85,0.55,0.96,"(1, 6)","(6, 2)",45,Yes
Trial 17.77,0.85,0.55,0.96,"(8, 3)","(6, 6)",25,No
Trial 17.78,0.85,0.55,0.96,"(5, 5)","(2, 6)",20,No
Trial 17.79,0.85,0.55,0.96,"(6, 2)","(3, 3)",20,No
Trial 17.80,0.85,0.55,0.96,"(3, 4)","(8, 5)",30,No
Trial 17.81,0.85,0.55,0.96,"(7, 2)","(1, 4)",40,No
Trial 17.82,0.85,0.55,0.96,"(7, 6)","(4, 5)",20,Yes
Trial 17.83,0.85,0.55,0.96,"(8, 6)","(2, 4)",40,Yes
Trial 17.84,0.85,0.55,0.96,"(3, 6)","(3, 2)",20,No
Trial 17.85,0.85,0.55,0.96,"(8, 2)","(1, 6)",55,No
Trial 17.86,0.85,0.55,0.96,"(8, 3)","(6, 6)",25,No
Trial 17.87,0.85,0.55,0.96,"(2, 1)","(5, 4)",30,Yes
Trial 17.88,0.85,0.55,0.96,"(8, 6)","(4, 2)",40,Yes
Trial 17.89,0.85,0.55,0.96,"(3, 3)","(6, 6)",30,Yes
Trial 17.90,0.85,0.55,0.96,"(1, 2)","(3, 4)",20,Yes
Trial 17.91,0.85,0.55,0.96,"(1, 6)","(4, 5)",20,No
Trial 17.92,0.85,0.55,0.96,"(8, 3)","(5, 6)",30,No
Trial 17.93,0.85,0.55,0.96,"(2, 2)","(1, 6)",25,No
Trial 17.94,0.85,0.55,0.96,"(3, 2)","(6, 4)",25,Yes
Trial 17.95,0.85,0.55,0.96,"(1, 3)","(7, 1)",40,No
Trial 17.96,0.85,0.55,0.96,"(8, 5)","(5, 6)",20,No
Trial 17.97,0.85,0.55,0.96,"(5, 3)","(7, 5)",20,Yes
Trial 17.98,0.85,0.55,0.96,"(8, 3)","(2, 6)",45,No
Trial 17.99,0.85,0.55,0.96,"(3, 5)","(8, 1)",45,No
Trial 18.0,0.85,0.55,0.97,"(6, 2)","(5, 5)",20,No
Trial 18.1,0.85,0.55,0.97,"(3, 2)","(7, 3)",25,No
Trial 18.2,0.85,0.55,0.97,"(7, 3)","(3, 2)",25,No
Trial 18.3,0.85,0.55,0.97,"(7, 3)","(3, 5)",30,Yes
Trial 18.4,0.85,0.55,0.97,"(1, 2)","(3, 6)",30,No
Trial 18.5,0.85,0.55,0.97,"(8, 5)","(4, 6)",25,No
Trial 18.6,0.85,0.55,0.97,"(6, 2)","(1, 3)",30,No
Trial 18.7,0.85,0.55,0.97,"(6, 3)","(8, 5)",20,No
Trial 18.8,0.85,0.55,0.97,"(7, 4)","(1, 6)",40,No
Trial 18.9,0.85,0.55,0.97,"(1, 2)","(7, 5)",45,Yes
Trial 18.10,0.85,0.55,0.97,"(2, 1)","(4, 5)",30,No
Trial 18.11,0.85,0.55,0.97,"(2, 3)","(6, 5)",30,Yes
Trial 18.12,0.85,0.55,0.97,"(2, 3)","(7, 2)",30,No
Trial 18.13,0.85,0.55,0.97,"(1, 2)","(7, 3)",35,Yes
Trial 18.14,0.85,0.55,0.97,"(1, 1)","(8, 1)",35,No
Trial 18.15,0.85,0.55,0.97,"(7, 1)","(4, 4)",30,Yes
Trial 18.16,0.85,0.55,0.97,"(4, 5)","(7, 3)",25,Yes
Trial 18.17,0.85,0.55,0.97,"(7, 2)","(3, 2)",20,No
Trial 18.18,0.85,0.55,0.97,"(1, 4)","(7, 1)",45,No
Trial 18.19,0.85,0.55,0.97,"(3, 1)","(5, 6)",35,Yes
Trial 18.20,0.85,0.55,0.97,"(1, 2)","(8, 4)",45,No
Trial 18.21,0.85,0.55,0.97,"(8, 5)","(1, 4)",40,No
Trial 18.22,0.85,0.55,0.97,"(5, 4)","(8, 3)",20,Yes
Trial 18.23,0.85,0.55,0.97,"(8, 1)","(1, 6)",60,No
Trial 18.24,0.85,0.55,0.97,"(7, 2)","(3, 4)",30,Yes
Trial 18.25,0.85,0.55,0.97,"(1, 5)","(6, 3)",35,Yes
Trial 18.26,0.85,0.55,0.97,"(2, 5)","(7, 5)",25,No
Trial 18.27,0.85,0.55,0.97,"(2, 6)","(2, 1)",25,Yes
Trial 18.28,0.85,0.55,0.97,"(7, 3)","(3, 4)",25,Yes
Trial 18.29,0.85,0.55,0.97,"(2, 5)","(6, 6)",25,No
Trial 18.30,0.85,0.55,0.97,"(8, 5)","(4, 3)",30,No
Trial 18.31,0.85,0.55,0.97,"(3, 5)","(7, 6)",25,No
Trial 18.32,0.85,0.55,0.97,"(5, 1)","(3, 5)",30,Yes
Trial 18.33,0.85,0.55,0.97,"(5, 6)","(6, 1)",30,No
Trial 18.34,0.85,0.55,0.97,"(6, 3)","(4, 1)",20,No
Trial 18.35,0.85,0.55,0.97,"(1, 1)","(8, 2)",40,No
Trial 18.36,0.85,0.55,0.97,"(7, 1)","(5, 4)",25,Yes
Trial 18.37,0.85,0.55,0.97,"(8, 6)","(1, 3)",50,Yes
Trial 18.38,0.85,0.55,0.97,"(1, 5)","(4, 4)",20,Yes
Trial 18.39,0.85,0.55,0.97,"(1, 2)","(8, 6)",55,No
Trial 18.40,0.85,0.55,0.97,"(4, 4)","(1, 5)",20,No
Trial 18.41,0.85,0.55,0.97,"(1, 1)","(8, 3)",45,Yes
Trial 18.42,0.85,0.55,0.97,"(7, 5)","(1, 6)",35,No
Trial 18.43,0.85,0.55,0.97,"(3, 6)","(5, 2)",30,Yes
Trial 18.44,0.85,0.55,0.97,"(2, 2)","(8, 6)",50,No
Trial 18.45,0.85,0.55,0.97,"(8, 2)","(3, 6)",45,Yes
Trial 18.46,0.85,0.55,0.97,"(2, 2)","(5, 4)",25,Yes
Trial 18.47,0.85,0.55,0.97,"(7, 5)","(2, 6)",30,No
Trial 18.48,0.85,0.55,0.97,"(5, 6)","(3, 4)",20,No
Trial 18.49,0.85,0.55,0.97,"(1, 4)","(4, 1)",30,Yes
Trial 18.50,0.85,0.55,0.97,"(5, 5)","(3, 1)",30,Yes
Trial 18.51,0.85,0.55,0.97,"(8, 6)","(4, 4)",30,No
Trial 18.52,0.85,0.55,0.97,"(4, 6)","(8, 3)",35,No
Trial 18.53,0.85,0.55,0.97,"(6, 2)","(4, 4)",20,No
Trial 18.54,0.85,0.55,0.97,"(3, 1)","(8, 2)",30,No
Trial 18.55,0.85,0.55,0.97,"(4, 2)","(7, 5)",30,Yes
Trial 18.56,0.85,0.55,0.97,"(8, 6)","(2, 3)",45,No
Trial 18.57,0.85,0.55,0.97,"(4, 5)","(8, 2)",35,No
Trial 18.58,0.85,0.55,0.97,"(4, 2)","(8, 5)",35,Yes
Trial 18.59,0.85,0.55,0.97,"(2, 3)","(7, 5)",35,Yes
Trial 18.60,0.85,0.55,0.97,"(5, 3)","(8, 5)",25,No
Trial 18.61,0.85,0.55,0.97,"(7, 6)","(5, 1)",35,Yes
Trial 18.62,0.85,0.55,0.97,"(6, 3)","(1, 6)",40,No
Trial 18.63,0.85,0.55,0.97,"(1, 2)","(5, 3)",25,No
Trial 18.64,0.85,0.55,0.97,"(6, 5)","(2, 6)",25,No
Trial 18.65,0.85,0.55,0.97,"(7, 1)","(4, 4)",30,Yes
Trial 18.66,0.85,0.55,0.97,"(8, 3)","(4, 3)",20,Yes
Trial 18.67,0.85,0.55,0.97,"(5, 6)","(7, 3)",25,No
Trial 18.68,0.85,0.55,0.97,"(8, 1)","(5, 5)",35,Yes
Trial 18.69,0.85,0.55,0.97,"(5, 5)","(3, 1)",30,Yes
Trial 18.70,0.85,0.55,0.97,"(4, 1)","(5, 5)",25,No
Trial 18.71,0.85,0.55,0.97,"(8, 6)","(5, 2)",35,Yes
Trial 18.72,0.85,0.55,0.97,"(7, 1)","(8, 4)",20,No
Trial 18.73,0.85,0.55,0.97,"(6, 3)","(2, 5)",30,No
Trial 18.74,0.85,0.55,0.97,"(2, 5)","(8, 1)",50,No
Trial 18.75,0.85,0.55,0.97,"(4, 5)","(8, 6)",25,No
Trial 18.76,0.85,0.55,0.97,"(1, 2)","(1, 6)",20,No
Trial 18.77,0.85,0.55,0.97,"(2, 6)","(8, 1)",55,No
Trial 18.78,0.85,0.55,0.97,"(6, 1)","(4, 3)",20,Yes
Trial 18.79,0.85,0.55,0.97,"(2, 5)","(7, 4)",30,Yes
Trial 18.80,0.85,0.55,0.97,"(7, 1)","(8, 5)",25,No
Trial 18.81,0.85,0.55,0.97,"(6, 5)","(1, 4)",30,Yes
Trial 18.82,0.85,0.55,0.97,"(8, 6)","(3, 6)",25,No
Trial 18.83,0.85,0.55,0.97,"(1, 4)","(8, 4)",35,No
Trial 18.84,0.85,0.55,0.97,"(3, 5)","(8, 4)",30,No
Trial 18.85,0.85,0.55,0.97,"(1, 2)","(4, 4)",25,No
Trial 18.86,0.85,0.55,0.97,"(7, 2)","(2, 6)",45,Yes
Trial 18.87,0.85,0.55,0.97,"(7, 1)","(5, 3)",20,Yes
Trial 18.88,0.85,0.55,0.97,"(5, 6)","(6, 3)",20,No
Trial 18.89,0.85,0.55,0.97,"(2, 3)","(8, 5)",40,Yes
Trial 18.90,0.85,0.55,0.97,"(8, 5)","(5, 4)",20,Yes
Trial 18.91,0.85,0.55,0.97,"(5, 3)","(2, 6)",30,Yes
Trial 18.92,0.85,0.55,0.97,"(3, 6)","(6, 2)",35,Yes
Trial 18.93,0.85,0.55,0.97,"(7, 3)","(4, 6)",30,Yes
Trial 18.94,0.85,0.55,0.97,"(5, 1)","(8, 5)",35,No
Trial 18.95,0.85,0.55,0.97,"(7, 1)","(8, 6)",30,Yes
Trial 18.96,0.85,0.55,0.97,"(5, 1)","(2, 6)",40,Yes
Trial 18.97,0.85,0.55,0.97,"(1, 1)","(5, 1)",20,No
Trial 18.98,0.85,0.55,0.97,"(3, 5)","(4, 1)",25,No
Trial 18.99,0.85,0.55,0.97,"(4, 6)","(5, 1)",30,Yes
Trial 19.0,0.85,0.55,0.98,"(7, 6)","(2, 5)",30,No
Trial 19.1,0.85,0.55,0.98,"(8, 4)","(4, 5)",25,No
Trial 19.2,0.85,0.55,0.98,"(2, 2)","(6, 4)",30,No
Trial 19.3,0.85,0.55,0.98,"(6, 1)","(7, 4)",20,No
Trial 19.4,0.85,0.55,0.98,"(7, 6)","(1, 1)",55,No
Trial 19.5,0.85,0.55,0.98,"(6, 2)","(8, 6)",30,No
Trial 19.6,0.85,0.55,0.98,"(8, 2)","(2, 5)",45,No
Trial 19.7,0.85,0.55,0.98,"(6, 2)","(6, 6)",20,No
Trial 19.8,0.85,0.55,0.98,"(3, 4)","(5, 6)",20,No
Trial 19.9,0.85,0.55,0.98,"(7, 6)","(6, 1)",30,No
Trial 19.10,0.85,0.55,0.98,"(6, 5)","(5, 2)",20,No
Trial 19.11,0.85,0.55,0.98,"(4, 1)","(1, 6)",40,No
Trial 19.12,0.85,0.55,0.98,"(1, 1)","(7, 4)",45,No
Trial 19.13,0.85,0.55,0.98,"(2, 6)","(5, 4)",25,Yes
Trial 19.14,0.85,0.55,0.98,"(4, 1)","(7, 4)",30,No
Trial 19.15,0.85,0.55,0.98,"(1, 2)","(7, 1)",35,No
Trial 19.16,0.85,0.55,0.98,"(2, 1)","(4, 6)",35,No
Trial 19.17,0.85,0.55,0.98,"(6, 5)","(8, 1)",30,No
Trial 19.18,0.85,0.55,0.98,"(1, 4)","(5, 5)",25,No
Trial 19.19,0.85,0.55,0.98,"(5, 3)","(6, 6)",20,No
Trial 19.20,0.85,0.55,0.98,"(3, 2)","(6, 6)",35,No
Trial 19.21,0.85,0.55,0.98,"(6, 5)","(8, 3)",20,No
Trial 19.22,0.85,0.55,0.98,"(2, 6)","(8, 2)",50,No
Trial 19.23,0.85,0.55,0.98,"(2, 6)","(7, 6)",25,No
Trial 19.24,0.85,0.55,0.98,"(8, 3)","(4, 4)",25,No
Trial 19.25,0.85,0.55,0.98,"(4, 6)","(1, 1)",40,No
Trial 19.26,0.85,0.55,0.98,"(8, 6)","(4, 2)",40,No
Trial 19.27,0.85,0.55,0.98,"(5, 6)","(8, 3)",30,No
Trial 19.28,0.85,0.55,0.98,"(2, 1)","(1, 6)",30,No
Trial 19.29,0.85,0.55,0.98,"(5, 3)","(1, 6)",35,No
Trial 19.30,0.85,0.55,0.98,"(4, 6)","(7, 2)",35,No
Trial 19.31,0.85,0.55,0.98,"(2, 2)","(7, 6)",45,No
Trial 19.32,0.85,0.55,0.98,"(6, 1)","(3, 2)",20,No
Trial 19.33,0.85,0.55,0.98,"(5, 5)","(4, 1)",25,No
Trial 19.34,0.85,0.55,0.98,"(4, 2)","(2, 4)",20,No
Trial 19.35,0.85,0.55,0.98,"(5, 4)","(6, 1)",20,No
Trial 19.36,0.85,0.55,0.98,"(5, 6)","(8, 4)",25,No
Trial 19.37,0.85,0.55,0.98,"(2, 1)","(5, 3)",25,No
Trial 19.38,0.85,0.55,0.98,"(1, 2)","(7, 3)",35,No
Trial 19.39,0.85,0.55,0.98,"(6, 3)","(4, 6)",25,No
Trial 19.40,0.85,0.55,0.98,"(8, 5)","(4, 6)",25,No
Trial 19.41,0.85,0.55,0.98,"(2, 6)","(7, 5)",30,No
Trial 19.42,0.85,0.55,0.98,"(4, 4)","(7, 5)",20,No
Trial 19.43,0.85,0.55,0.98,"(2, 6)","(4, 4)",20,No
Trial 19.44,0.85,0.55,0.98,"(7, 3)","(5, 6)",25,No
Trial 19.45,0.85,0.55,0.98,"(2, 5)","(6, 3)",30,No
Trial 19.46,0.85,0.55,0.98,"(6, 1)","(1, 6)",50,No
Trial 19.47,0.85,0.55,0.98,"(7, 5)","(4, 1)",35,No
Trial 19.48,0.85,0.55,0.98,"(5, 3)","(1, 5)",30,No
Trial 19.49,0.85,0.55,0.98,"(8, 6)","(1, 3)",50,No
Trial 19.50,0.85,0.55,0.98,"(5, 2)","(7, 4)",20,No
Trial 19.51,0.85,0.55,0.98,"(3, 4)","(1, 2)",20,No
Trial 19.52,0.85,0.55,0.98,"(2, 6)","(7, 6)",25,No
Trial 19.53,0.85,0.55,0.98,"(8, 2)","(4, 2)",20,No
Trial 19.54,0.85,0.55,0.98,"(2, 1)","(2, 6)",25,Yes
Trial 19.55,0.85,0.55,0.98,"(7, 6)","(5, 4)",20,No
Trial 19.56,0.85,0.55,0.98,"(7, 6)","(3, 6)",20,No
Trial 19.57,0.85,0.55,0.98,"(2, 5)","(8, 1)",50,No
Trial 19.58,0.85,0.55,0.98,"(4, 3)","(8, 3)",20,No
Trial 19.59,0.85,0.55,0.98,"(7, 6)","(4, 3)",30,No
Trial 19.60,0.85,0.55,0.98,"(8, 6)","(2, 6)",30,No
Trial 19.61,0.85,0.55,0.98,"(8, 4)","(2, 5)",35,No
Trial 19.62,0.85,0.55,0.98,"(7, 6)","(5, 4)",20,No
Trial 19.63,0.85,0.55,0.98,"(2, 6)","(5, 1)",40,No
Trial 19.64,0.85,0.55,0.98,"(3, 4)","(7, 1)",35,No
Trial 19.65,0.85,0.55,0.98,"(8, 6)","(1, 4)",45,No
Trial 19.66,0.85,0.55,0.98,"(8, 4)","(3, 6)",35,No
Trial 19.67,0.85,0.55,0.98,"(4, 5)","(6, 2)",25,No
Trial 19.68,0.85,0.55,0.98,"(1, 3)","(8, 2)",40,No
Trial 19.69,0.85,0.55,0.98,"(8, 5)","(1, 3)",45,No
Trial 19.70,0.85,0.55,0.98,"(4, 6)","(4, 1)",25,Yes
Trial 19.71,0.85,0.55,0.98,"(8, 1)","(4, 3)",30,No
Trial 19.72,0.85,0.55,0.98,"(7, 3)","(2, 4)",30,Yes
Trial 19.73,0.85,0.55,0.98,"(7, 4)","(1, 3)",35,No
Trial 19.74,0.85,0.55,0.98,"(2, 2)","(8, 4)",40,No
Trial 19.75,0.85,0.55,0.98,"(5, 1)","(3, 4)",25,No
Trial 19.76,0.85,0.55,0.98,"(5, 1)","(7, 3)",20,No
Trial 19.77,0.85,0.55,0.98,"(8, 6)","(6, 3)",25,No
Trial 19.78,0.85,0.55,0.98,"(7, 1)","(7, 5)",20,Yes
Trial 19.79,0.85,0.55,0.98,"(4, 2)","(7, 6)",35,No
Trial 19.80,0.85,0.55,0.98,"(7, 6)","(8, 3)",20,No
Trial 19.81,0.85,0.55,0.98,"(6, 5)","(5, 2)",20,No
Trial 19.82,0.85,0.55,0.98,"(5, 1)","(4, 5)",25,No
Trial 19.83,0.85,0.55,0.98,"(2, 3)","(8, 3)",30,Yes
Trial 19.84,0.85,0.55,0.98,"(1, 6)","(6, 4)",35,No
Trial 19.85,0.85,0.55,0.98,"(7, 2)","(5, 6)",30,No
Trial 19.86,0.85,0.55,0.98,"(8, 1)","(1, 6)",60,No
Trial 19.87,0.85,0.55,0.98,"(2, 6)","(6, 6)",20,No
Trial 19.88,0.85,0.55,0.98,"(3, 4)","(6, 2)",25,No
Trial 19.89,0.85,0.55,0.98,"(6, 4)","(1, 1)",40,No
Trial 19.90,0.85,0.55,0.98,"(4, 6)","(8, 4)",30,No
Trial 19.91,0.85,0.55,0.98,"(3, 2)","(6, 3)",20,No
Trial 19.92,0.85,0.55,0.98,"(6, 2)","(3, 1)",20,No
Trial 19.93,0.85,0.55,0.98,"(5, 3)","(1, 1)",30,No
Trial 19.94,0.85,0.55,0.98,"(1, 2)","(5, 4)",30,No
Trial 19.95,0.85,0.55,0.98,"(1, 2)","(7, 2)",30,No
Trial 19.96,0.85,0.55,0.98,"(3, 3)","(6, 4)",20,No
Trial 19.97,0.85,0.55,0.98,"(6, 6)","(1, 2)",45,No
Trial 19.98,0.85,0.55,0.98,"(4, 4)","(7, 2)",25,No
Trial 19.99,0.85,0.55,0.98,"(2, 3)","(8, 4)",35,No
Trial 20.0,0.85,0.55,0.99,"(5, 2)","(2, 4)",25,No
Trial 20.1,0.85,0.55,0.99,"(5, 4)","(1, 3)",25,No
Trial 20.2,0.85,0.55,0.99,"(2, 5)","(6, 5)",20,No
Trial 20.3,0.85,0.55,0.99,"(7, 3)","(2, 6)",40,Yes
Trial 20.4,0.85,0.55,0.99,"(1, 5)","(4, 4)",20,No
Trial 20.5,0.85,0.55,0.99,"(7, 1)","(5, 4)",25,Yes
Trial 20.6,0.85,0.55,0.99,"(6, 4)","(8, 6)",20,No
Trial 20.7,0.85,0.55,0.99,"(5, 2)","(2, 1)",20,No
Trial 20.8,0.85,0.55,0.99,"(7, 5)","(8, 2)",20,No
Trial 20.9,0.85,0.55,0.99,"(4, 2)","(1, 5)",30,No
Trial 20.10,0.85,0.55,0.99,"(8, 5)","(4, 2)",35,Yes
Trial 20.11,0.85,0.55,0.99,"(8, 4)","(2, 3)",35,No
Trial 20.12,0.85,0.55,0.99,"(1, 5)","(5, 4)",25,Yes
Trial 20.13,0.85,0.55,0.99,"(8, 4)","(2, 4)",30,No
Trial 20.14,0.85,0.55,0.99,"(8, 2)","(2, 2)",30,Yes
Trial 20.15,0.85,0.55,0.99,"(5, 2)","(3, 5)",25,Yes
Trial 20.16,0.85,0.55,0.99,"(3, 2)","(8, 3)",30,No
Trial 20.17,0.85,0.55,0.99,"(1, 3)","(8, 6)",50,Yes
Trial 20.18,0.85,0.55,0.99,"(1, 4)","(6, 1)",40,No
Trial 20.19,0.85,0.55,0.99,"(1, 1)","(5, 4)",35,No
Trial 20.20,0.85,0.55,0.99,"(6, 2)","(1, 3)",30,No
Trial 20.21,0.85,0.55,0.99,"(8, 3)","(1, 2)",40,Yes
Trial 20.22,0.85,0.55,0.99,"(6, 2)","(1, 3)",30,No
Trial 20.23,0.85,0.55,0.99,"(1, 5)","(5, 4)",25,Yes
Trial 20.24,0.85,0.55,0.99,"(6, 5)","(7, 2)",20,No
Trial 20.25,0.85,0.55,0.99,"(6, 3)","(3, 4)",20,Yes
Trial 20.26,0.85,0.55,0.99,"(8, 4)","(4, 3)",25,Yes
Trial 20.27,0.85,0.55,0.99,"(5, 6)","(3, 1)",35,Yes
Trial 20.28,0.85,0.55,0.99,"(3, 1)","(7, 1)",20,Yes
Trial 20.29,0.85,0.55,0.99,"(4, 3)","(7, 4)",20,Yes
Trial 20.30,0.85,0.55,0.99,"(3, 2)","(7, 1)",25,Yes
Trial 20.31,0.85,0.55,0.99,"(5, 4)","(1, 1)",35,Yes
Trial 20.32,0.85,0.55,0.99,"(1, 4)","(4, 2)",25,Yes
Trial 20.33,0.85,0.55,0.99,"(4, 1)","(6, 5)",30,No
Trial 20.34,0.85,0.55,0.99,"(3, 2)","(5, 6)",30,Yes
Trial 20.35,0.85,0.55,0.99,"(8, 5)","(5, 6)",20,No
Trial 20.36,0.85,0.55,0.99,"(4, 5)","(6, 2)",25,No
Trial 20.37,0.85,0.55,0.99,"(6, 3)","(4, 1)",20,Yes
Trial 20.38,0.85,0.55,0.99,"(5, 3)","(2, 4)",20,No
Trial 20.39,0.85,0.55,0.99,"(8, 4)","(5, 6)",25,Yes
Trial 20.40,0.85,0.55,0.99,"(5, 4)","(7, 6)",20,No
Trial 20.41,0.85,0.55,0.99,"(1, 3)","(5, 3)",20,Yes
Trial 20.42,0.85,0.55,0.99,"(7, 5)","(5, 1)",30,Yes
Trial 20.43,0.85,0.55,0.99,"(4, 2)","(1, 3)",20,No
Trial 20.44,0.85,0.55,0.99,"(8, 3)","(1, 4)",40,No
Trial 20.45,0.85,0.55,0.99,"(5, 5)","(1, 2)",35,Yes
Trial 20.46,0.85,0.55,0.99,"(3, 4)","(4, 1)",20,No
Trial 20.47,0.85,0.55,0.99,"(4, 1)","(7, 5)",35,Yes
Trial 20.48,0.85,0.55,0.99,"(6, 4)","(3, 3)",20,Yes
Trial 20.49,0.85,0.55,0.99,"(3, 5)","(6, 1)",35,Yes
Trial 20.50,0.85,0.55,0.99,"(7, 5)","(8, 2)",20,No
Trial 20.51,0.85,0.55,0.99,"(8, 1)","(4, 1)",20,Yes
Trial 20.52,0.85,0.55,0.99,"(8, 5)","(5, 4)",20,No
Trial 20.53,0.85,0.55,0.99,"(6, 3)","(1, 4)",30,No
Trial 20.54,0.85,0.55,0.99,"(2, 5)","(5, 6)",20,Yes
Trial 20.55,0.85,0.55,0.99,"(3, 4)","(1, 2)",20,Yes
Trial 20.56,0.85,0.55,0.99,"(3, 5)","(8, 4)",30,Yes
Trial 20.57,0.85,0.55,0.99,"(4, 3)","(8, 5)",30,Yes
Trial 20.58,0.85,0.55,0.99,"(4, 3)","(2, 6)",25,No
Trial 20.59,0.85,0.55,0.99,"(1, 5)","(5, 3)",30,Yes
Trial 20.60,0.85,0.55,0.99,"(2, 4)","(8, 1)",45,No
Trial 20.61,0.85,0.55,0.99,"(2, 6)","(7, 3)",40,No
Trial 20.62,0.85,0.55,0.99,"(1, 6)","(1, 1)",25,Yes
Trial 20.63,0.85,0.55,0.99,"(6, 1)","(3, 5)",35,No
Trial 20.64,0.85,0.55,0.99,"(6, 2)","(2, 6)",40,Yes
Trial 20.65,0.85,0.55,0.99,"(6, 1)","(1, 5)",45,No
Trial 20.66,0.85,0.55,0.99,"(4, 1)","(6, 3)",20,Yes
Trial 20.67,0.85,0.55,0.99,"(4, 1)","(3, 4)",20,No
Trial 20.68,0.85,0.55,0.99,"(2, 6)","(8, 5)",35,No
Trial 20.69,0.85,0.55,0.99,"(8, 4)","(4, 1)",35,Yes
Trial 20.70,0.85,0.55,0.99,"(1, 6)","(8, 5)",40,No
Trial 20.71,0.85,0.55,0.99,"(4, 5)","(8, 5)",20,Yes
Trial 20.72,0.85,0.55,0.99,"(8, 2)","(2, 2)",30,Yes
Trial 20.73,0.85,0.55,0.99,"(4, 5)","(2, 1)",30,Yes
Trial 20.74,0.85,0.55,0.99,"(2, 2)","(6, 5)",35,No
Trial 20.75,0.85,0.55,0.99,"(1, 2)","(8, 2)",35,No
Trial 20.76,0.85,0.55,0.99,"(6, 6)","(5, 3)",20,No
Trial 20.77,0.85,0.55,0.99,"(3, 1)","(1, 4)",25,No
Trial 20.78,0.85,0.55,0.99,"(7, 2)","(5, 5)",25,No
Trial 20.79,0.85,0.55,0.99,"(4, 5)","(6, 2)",25,Yes
Trial 20.80,0.85,0.55,0.99,"(2, 1)","(5, 2)",20,Yes
Trial 20.81,0.85,0.55,0.99,"(5, 2)","(4, 5)",20,No
Trial 20.82,0.85,0.55,0.99,"(6, 1)","(7, 5)",25,Yes
Trial 20.83,0.85,0.55,0.99,"(4, 6)","(6, 2)",30,No
Trial 20.84,0.85,0.55,0.99,"(8, 2)","(1, 6)",55,No
Trial 20.85,0.85,0.55,0.99,"(1, 1)","(3, 4)",25,Yes
Trial 20.86,0.85,0.55,0.99,"(2, 4)","(5, 5)",20,No
Trial 20.87,0.85,0.55,0.99,"(2, 3)","(7, 6)",40,Yes
Trial 20.88,0.85,0.55,0.99,"(6, 2)","(3, 4)",25,Yes
Trial 20.89,0.85,0.55,0.99,"(7, 5)","(2, 3)",35,No
Trial 20.90,0.85,0.55,0.99,"(6, 3)","(3, 1)",25,Yes
Trial 20.91,0.85,0.55,0.99,"(2, 5)","(8, 4)",35,No
Trial 20.92,0.85,0.55,0.99,"(7, 2)","(8, 6)",25,Yes
Trial 20.93,0.85,0.55,0.99,"(1, 4)","(3, 1)",25,No
Trial 20.94,0.85,0.55,0.99,"(4, 4)","(7, 3)",20,No
Trial 20.95,0.85,0.55,0.99,"(7, 3)","(2, 3)",25,Yes
Trial 20.96,0.85,0.55,0.99,"(3, 3)","(8, 2)",30,Yes
Trial 20.97,0.85,0.55,0.99,"(3, 3)","(7, 1)",30,Yes
Trial 20.98,0.85,0.55,0.99,"(4, 6)","(6, 2)",30,No
Trial 20.99,0.85,0.55,0.99,"(2, 6)","(4, 4)",20,No
